YIELD_1,YIELD_2,YIELD_3,YIELD_4
5.17516,6.552843,8.215752,6.6506143
5.0408535,5.3377333,9.508195,2.3855083
5.2656384,4.644337,10.386218,1.6240937
5.4784107,6.34887,10.183538,3.014018
5.207507,6.8148346,9.68611,3.5626092
5.2980714,6.1260014,6.3318934,5.8407383
5.003598,5.713715,8.821155,2.6615417
6.0935464,8.262918,10.642154,4.57584
6.0846133,8.18598,10.468417,7.468914
5.588129,7.0711336,8.701854,7.702868
6.197331,6.4629745,11.203636,2.7215822
6.195,7.399693,11.024557,3.4921057
7.585799,6.709915,13.0940485,1.9089671
7.699266,9.6923065,11.777659,4.4570565
7.1377077,7.926877,11.767378,3.3431327
5.5914493,6.976009,10.290562,3.4905481
6.788472,8.697102,10.60093,9.9411335
8.015457,7.900977,13.112252,2.853657
4.6927767,4.858625,5.327259,1.676207
4.7162824,4.8547297,4.944747,1.6062826
5.844481,5.7460217,11.035487,2.3393588
5.0839434,5.9459,6.5768614,2.951705
5.0130854,4.489602,10.025611,1.6183203
5.3430724,6.7258596,9.584157,3.3681085
4.764458,4.812856,6.3003936,1.7103938
5.4663305,5.1992803,10.3864975,2.0537918
5.328897,4.534658,11.26705,1.4967792
6.3661327,7.5772076,8.100888,8.879342
4.9182158,6.607583,8.938849,4.1379385
5.260642,4.7598,10.420051,1.7557678
4.992712,5.6104984,5.38829,3.7934108
5.2538414,5.756813,7.763658,2.4175506
5.0506186,4.750574,8.163992,1.6432465
5.4328327,6.154752,5.4534655,5.305466
5.046466,6.899124,9.396965,4.116004
5.0014386,5.6750402,5.773921,2.7811718
5.949055,5.9846354,11.128506,2.4902005
5.5577307,5.0481796,11.100193,1.8766329
6.2318115,8.056097,9.957226,8.86936
5.984526,4.673654,13.274384,1.149257
5.4617233,7.1375012,10.0271845,3.685856
5.115603,3.915699,11.600042,0.9173684
5.0800285,5.79461,5.8742557,3.3552039
4.9848027,5.9690375,9.032125,2.9128122
5.1363873,5.8054056,5.619079,3.8538063
5.317134,5.4270344,9.888188,2.3166256
5.563681,7.3042088,9.40584,7.049785
4.988789,6.5737796,8.741092,5.109701
4.71264,4.302601,5.7532535,1.035341
6.4138713,8.4995985,10.655924,4.2410727
5.7848926,7.915164,10.597296,6.513687
5.093372,6.9291654,9.45889,3.8569531
5.345468,4.477103,11.035504,1.4051726
5.105631,4.4802113,9.845246,1.4962724
5.9909644,4.164527,14.1970625,0.5802823
5.0611506,5.8023086,5.831002,4.537507
5.3619375,3.8817701,12.404562,0.69110876
5.1907763,4.2477465,11.05064,1.26598
5.1352143,4.598133,9.237926,1.5280476
5.254968,5.078229,8.744167,1.9020547
5.4106874,5.127316,10.155128,2.018349
5.0724354,5.948253,6.4582796,4.8105083
5.786636,7.2458754,10.426263,3.5858798
5.079594,3.8759847,11.584588,0.9027618
5.2508335,4.534208,10.928219,1.5526081
4.7976007,4.8310165,5.0956697,1.4658146
4.782277,4.057366,7.6742654,0.96358824
6.322191,8.599939,11.037631,6.1506424
5.0613594,5.929953,6.532225,3.6555111
7.1700373,6.9475255,12.456604,2.5628812
4.958929,4.385661,9.92063,1.5524075
4.85654,3.9290526,10.365647,1.1088428
7.016156,9.42469,11.646541,9.698137
5.898105,7.972451,10.301659,6.5321794
6.834558,6.835255,11.8797245,2.6515834
5.0860205,6.262088,9.37821,3.1351194
5.6035767,7.6146975,10.045348,4.1247416
7.125519,9.5648365,11.811877,6.4704623
5.2123775,5.8803334,4.8748636,3.3732266
5.4029245,6.3271255,6.4748216,6.9171467
5.2320147,5.711885,9.79011,2.6100101
5.625417,7.19028,10.172574,3.6200128
5.360242,7.421263,10.059166,4.559158
5.722306,7.651132,9.917906,7.411397
5.95219,7.5088177,9.026194,8.408606
5.445317,7.5330853,10.234148,5.301838
5.5886946,5.3659525,10.516282,2.1325424
5.925697,8.022239,10.348015,7.515111
4.841164,4.6359224,6.6443295,1.5097728
5.221667,6.313536,7.4447517,3.1353853
5.058613,5.671323,5.2850018,3.245904
4.687819,3.7717204,10.02412,1.0449278
7.9781923,10.490319,12.360005,5.1062613
5.9749913,7.959777,10.592919,4.077446
5.2861133,7.165512,9.596662,5.2187424
6.785499,9.07314,11.186996,5.5377936
4.974251,6.484709,8.925718,3.3581085
4.8536215,4.0877576,9.00025,1.129235
4.6164384,4.7762346,5.0459065,1.664016
5.4179792,6.309108,6.5293036,6.0863113
4.948298,5.1137896,5.0409794,1.7659633
6.5655956,5.5208344,12.87718,1.5894916
5.550089,4.3001885,12.31174,1.0269834
5.184577,5.9989743,6.288195,3.6183283
4.7403326,5.137968,4.9293623,2.0795157
5.6068015,4.7667365,11.703816,1.5594835
5.100005,6.978899,9.546802,4.2078104
4.587009,3.6456258,7.520907,0.59050804
5.5820737,6.353434,10.323198,2.961389
5.2957597,5.896986,9.897393,2.7361228
5.683159,4.0240846,13.272304,0.62656105
5.409127,4.954632,10.316828,1.8219135
6.797393,9.101222,11.322552,5.1224065
4.7412896,4.6213455,5.860424,1.432932
5.7868385,6.4741783,10.563716,2.9425597
6.4190607,7.754161,11.27315,3.67637
5.886374,4.691191,12.851574,1.2352802
4.953249,4.379846,8.716497,1.3752381
6.647773,5.909402,12.27735,1.9152336
4.968648,6.71792,9.183238,4.9915557
5.1039815,6.853379,9.239891,5.086732
6.192295,6.577651,11.010447,2.7928612
4.9553375,5.536237,4.8668566,2.3167846
4.8727036,4.0690117,8.075675,0.9390881
4.474062,3.0980654,8.125552,0.0
6.1508627,8.383325,10.802433,5.3443446
5.0399165,6.1995835,9.493626,3.130729
4.9456406,6.513757,8.680243,4.396219
5.5152774,7.6115184,10.251908,4.743439
7.4524813,7.4697394,12.574405,2.8176517
5.537088,6.2541537,5.0994387,4.20816
5.211979,7.0557575,9.611436,3.7851305
5.0828342,4.63856,7.8067775,1.4058994
6.622205,8.89958,11.158904,8.927913
4.7101846,4.823711,5.230153,1.6067003
5.534604,7.542795,10.122323,5.0836444
4.9751554,4.063754,10.482,1.17333
5.1551876,7.1114383,9.702161,4.4537106
5.4547267,6.214951,5.816554,5.044179
5.3406553,7.2649984,9.886787,3.9507716
7.935107,8.881855,12.534891,3.6760964
5.0742764,4.0418477,11.301067,1.1231483
6.918622,9.352161,11.717218,5.8040705
5.700713,6.0795107,10.4552965,2.6514325
5.0538325,5.2677803,9.574846,2.3191872
4.3689957,3.0755825,7.757182,0.0
6.800798,6.205853,11.803972,2.0217829
4.868399,6.5979633,8.9825325,3.8797517
4.757163,3.804866,9.788735,0.9614879
4.9984665,5.6777067,5.6102524,3.8668027
6.2137914,5.7848263,11.564971,2.1267488
4.5417604,3.14171,9.451501,0.16502935
5.0081897,5.222515,7.363814,2.0645156
4.8096776,5.316711,4.841846,2.2259154
5.3600345,6.9622436,8.926702,6.9012804
6.793023,8.9100275,11.112583,9.607803
4.9711957,6.3004007,7.970134,4.187303
5.0784698,5.0167327,7.1116424,1.7815139
5.46713,7.5646315,10.215944,4.9054365
5.842199,8.070917,10.762745,5.11721
5.183527,7.0754814,9.508141,5.6849923
5.769975,7.932092,10.445352,5.1100674
4.8630204,5.564119,5.740732,2.8038337
4.5342374,3.6105149,7.9786716,0.6884074
4.589783,3.1605964,8.865286,0.0
5.0174127,6.732037,9.485409,3.597599
6.6448793,8.531536,11.014271,4.1158514
5.105094,4.997239,7.778528,1.8313851
5.3946915,4.37641,11.599109,1.2481856
5.328773,6.5205007,7.5408826,6.494873
5.909667,7.0368147,10.7681465,3.3608446
6.6944704,6.113926,12.088747,2.0944726
5.0345564,6.2368736,9.008668,3.1199126
6.4664354,8.742421,11.0374155,8.387439
5.505537,6.4033546,6.4934955,6.3792796
8.554654,10.488028,12.99578,4.6858835
4.4073296,3.3652818,7.710829,0.42203507
4.927664,4.3743625,8.972108,1.4316189
5.377315,4.4278293,11.363207,1.3177463
5.1768317,5.0890555,8.432114,1.9352813
5.374223,5.2834334,10.319282,2.1752512
5.805877,7.9485583,10.6811285,4.3869743
5.0559387,5.570917,9.304387,2.5464563
6.005574,8.14859,10.600663,7.5348024
5.7325835,7.8736672,10.520117,4.3489623
5.048691,4.584699,9.280236,1.6241839
5.3123784,5.9851823,5.2671156,4.661308
5.545661,7.643276,10.147134,5.2043076
6.3307,7.8560076,10.705043,3.7292116
4.883614,6.5837455,8.989188,4.269621
5.0460186,5.494182,8.159849,2.3422246
4.998914,4.1866255,9.880181,1.2348111
5.160161,6.999824,9.421715,5.5865035
5.6297636,7.153847,10.151034,3.5873482
6.6527057,7.5141153,6.135768,5.895344
5.6917977,4.0657263,13.320353,0.67848605
5.4373856,7.431739,10.02939,4.0823526
4.9497685,5.583405,5.470965,3.3537
6.392554,6.7747493,11.116988,2.821726
5.4872093,6.5780363,7.2285447,7.313885
5.096553,6.8647566,9.247933,4.0249763
6.158821,4.529387,14.117524,0.87824297
5.3135242,5.239394,7.0878043,1.7741109
5.857054,5.425841,11.526361,2.0811443
4.3896465,3.169894,7.9955587,0.19208337
6.0193186,5.436412,11.2620945,1.8854167
5.1001353,6.168018,9.398943,3.0594018
6.751012,9.082079,11.355565,5.0923433
6.756467,6.944016,11.859416,2.7959757
4.905381,5.6116447,6.044774,2.65153
5.181105,5.847902,6.6278896,2.5763505
6.3608613,7.4591637,11.250421,3.4612086
4.7993507,4.320131,7.1686654,1.1990191
5.8443766,7.3115883,8.730466,8.244036
4.78719,4.210882,6.98719,1.0203283
4.988232,4.180112,10.46387,1.3240397
5.0418267,4.138173,10.682711,1.2232207
5.6888623,7.7752686,10.529764,4.2005854
8.474724,8.519464,13.326848,3.0559037
5.274111,6.87879,9.6641,3.5622556
5.028777,5.6707997,5.117601,3.0846574
9.017468,8.500367,13.85998,2.5867407
6.466874,7.774345,11.510497,3.6995635
6.5455694,6.7090487,11.12758,2.6395206
5.2593637,7.1455927,9.814329,3.8121448
5.000546,4.479817,8.733162,1.4595404
5.312811,6.268397,6.601628,5.9128337
4.9532437,5.47167,9.075172,2.5143304
5.6026664,4.633767,11.802058,1.3949419
5.4292564,6.1069727,5.186068,4.5295362
4.944015,3.8027747,11.085421,0.899294
5.749758,6.9517565,7.7106786,7.744631
5.0382595,5.443552,6.254393,2.1604254
4.9494495,3.8834958,10.869166,0.9733091
4.7256513,3.7528436,10.256888,0.99356186
5.2212863,7.0423126,9.500338,5.657081
4.8825545,6.5794125,8.962656,3.5607376
4.936506,4.1957307,9.984851,1.3320935
5.4143066,6.209382,5.802154,5.4099627
4.8943753,4.1860123,9.295778,1.2766385
6.9646707,8.670323,11.463334,4.0638328
5.1395845,6.2958293,9.514558,3.1344538
6.1600614,7.5407567,11.219763,3.6769493
5.3852034,4.1430097,12.111105,0.9997723
5.3008795,4.2116084,11.581318,1.1210777
6.2031293,5.389494,12.001496,1.723366
5.124245,5.750371,9.331114,2.6724882
5.331244,6.573225,7.7044034,7.0034757
4.8558674,5.832724,8.530292,2.829378
5.3664236,7.3912444,9.987121,4.948479
4.9647355,6.760534,9.1856365,3.8578525
4.8181357,3.8069997,10.652715,1.0037472
5.009138,5.637673,4.711441,3.0907557
5.404545,6.582364,7.5298123,7.0611753
5.6728516,5.2418075,10.793899,1.9633611
5.4424415,6.7139254,10.271031,3.37463
8.087242,9.914458,12.290105,4.4347405
4.8734083,4.701847,6.402588,1.4843607
5.0357065,5.7797117,5.994874,3.7960963
4.4892516,3.5508308,7.679479,0.58665174
5.8597984,5.4122043,11.297124,2.0247633
5.843815,8.015707,10.636569,5.059905
4.875768,6.066295,7.717062,3.0633383
5.217163,6.0630198,7.189349,2.773407
5.698759,7.6857767,10.129301,6.524281
6.627415,8.846526,11.368951,4.456883
6.7846174,6.4000216,12.040858,2.3275187
5.0649743,5.8146043,5.9953246,4.242217
5.575382,6.7109785,10.330081,3.2861633
5.6088257,4.9944544,11.202235,1.7747197
5.1168823,6.054411,6.799288,5.203396
4.7326803,4.0802293,6.3527255,0.8139198
4.532621,3.2867887,9.640342,0.44674432
5.2277102,7.177042,9.756322,4.878372
5.003924,5.8921375,6.5505676,3.9560857
5.342706,6.450275,10.063097,3.201519
5.0313993,5.5988455,7.135185,2.386697
6.937821,9.20698,11.420367,9.685041
6.100892,4.8233795,13.245804,1.225329
5.683459,5.301483,10.906026,2.0251346
4.83703,5.165924,5.6380467,1.9900365
4.9643106,6.1544523,7.6241474,4.2858567
5.6442924,6.5237436,10.572512,3.1096191
6.0674753,7.321185,8.031053,8.504896
5.766663,5.7480655,10.829181,2.3722465
4.60409,4.007098,6.4075217,0.8760768
4.9920855,6.731266,9.140387,3.8834014
5.1326118,6.736739,9.404561,3.524126
6.551155,7.485143,11.2734785,3.3380318
6.7716885,8.99775,11.33691,4.486883
5.25832,6.267103,6.7443357,6.4962754
6.577976,6.7756443,11.601208,2.7664573
5.2112265,6.4592094,7.7379904,6.6386166
4.8460073,6.198047,8.0728855,4.181158
5.384074,6.2381196,6.2852,5.7294536
5.108404,6.957953,9.597145,3.8086765
5.604347,7.424784,10.340632,3.8690841
6.3890505,8.646313,11.10266,7.9542723
5.0116487,6.87813,9.44452,3.833733
5.8708076,5.193365,11.500909,1.7796837
7.362209,9.279217,11.861906,4.342424
9.650468,8.911705,14.905772,2.5078573
5.640593,6.234882,10.238266,2.8219752
6.276801,5.709564,11.636608,1.9935726
4.8348866,5.8358707,8.430818,2.8294451
4.9808626,5.5768576,7.673033,2.4365008
7.148767,6.5252542,12.629668,2.1663418
5.7593937,6.7209816,10.275258,3.1402955
6.718025,9.05688,11.288816,6.7773924
4.9083543,5.7506404,7.1926947,2.6191998
5.0358715,6.125937,7.6053605,2.9370394
4.9044714,4.366828,7.817124,1.2618568
6.342491,8.551654,10.836897,4.606925
6.6776195,8.024705,11.4466915,3.736516
5.813963,6.5188227,10.6876,2.9799595
5.354869,7.3267136,9.749825,5.6277137
4.7622323,4.4528637,5.6087766,1.1607807
4.7786117,4.112129,9.094299,1.2844188
4.879575,3.51807,11.273512,0.6236652
5.7006783,5.2650166,11.263643,1.9993857
4.5209384,3.5506108,6.574479,0.37584412
4.901129,4.24005,8.5486,1.2131485
5.2204456,5.7372103,9.821192,2.6373165
5.7081,5.7254195,10.770265,2.3866503
5.221271,4.4493427,10.50473,1.4296315
5.1727614,5.998671,6.330129,4.246646
6.802418,7.3200316,11.617722,3.056633
6.101285,5.481527,11.854283,1.9411016
4.738954,3.40043,10.724667,0.5348681
5.0500875,5.2216983,8.00538,2.0934036
5.985468,8.197149,10.762827,6.486266
4.8727107,5.4773536,4.832754,2.8315413
5.138582,7.063773,9.615074,4.105812
7.238732,9.726695,11.956131,6.3032656
5.132393,5.8467054,5.7851887,4.11895
5.3390493,7.280839,9.7578335,5.968417
4.9736776,4.579265,7.830107,1.4643669
6.4069967,6.78208,11.743669,2.9185665
5.181954,4.0009,11.611711,0.9590717
6.6145306,7.177158,11.6188,3.070508
6.2330613,7.9325747,9.586461,8.961168
5.275742,7.2275925,9.815308,4.2719803
5.0351763,5.9956694,8.498606,2.8500247
5.4968224,7.4787235,10.048875,4.0104933
6.5375223,7.4877567,6.801545,7.3764315
4.641675,3.9439383,6.428019,0.7513869
6.5398235,7.0108037,11.222824,2.9291403
6.0586185,4.8353405,12.86226,1.238263
4.458881,3.0339837,8.824054,0.0
5.3367686,6.584913,9.922077,3.2913876
6.2938747,7.5221815,7.9923105,8.732102
4.49256,3.060944,8.388618,0.0
5.886274,7.257348,10.903107,3.5975204
4.8583956,6.0966377,8.13969,3.0136523
5.737235,7.879097,10.456972,5.6419272
6.032107,8.2478895,10.803545,5.9418597
5.0995626,6.9526844,9.378431,5.2476106
5.51743,4.8621416,11.288925,1.7205586
4.8942986,4.5638094,9.164666,1.7355705
5.500214,6.515719,10.015047,3.1191046
6.547084,8.716759,10.928442,4.4048934
5.1109495,6.92585,9.327046,4.040748
5.24605,6.3073883,7.045756,6.6199546
6.8701077,6.173416,12.711011,2.0857904
5.212427,5.808212,9.85771,2.7097464
4.986689,4.9658875,6.7571125,1.7554413
7.0696726,6.257198,12.658426,1.9074311
4.9547153,6.2656984,8.057108,3.56633
4.6261754,3.7115655,8.35231,0.78401643
8.721804,7.0955625,15.2478895,1.3076472
6.0171714,8.100035,10.414862,7.8923855
6.000601,4.4739594,13.490823,0.8885291
5.2244644,6.059057,6.306479,5.6799664
5.171208,5.1513786,9.143208,2.082892
5.301794,5.8214054,9.983331,2.6800845
8.049998,10.576664,12.52276,11.782116
4.5644493,4.127031,5.523218,0.9529344
4.964313,4.3266196,9.639977,1.43639
5.523783,5.2883677,10.540591,2.1147752
5.281801,4.637027,10.798598,1.6327684
5.019934,5.766905,8.740026,2.6709383
5.992016,8.165142,10.599209,5.564241
6.1052065,5.2944417,11.631795,1.6589295
6.9405656,9.293119,11.409293,9.101302
5.32663,4.1607175,12.018274,1.0836478
4.991522,6.183221,9.4341345,3.1243844
5.262463,5.9214706,9.86064,2.7799065
5.5419617,5.920708,10.278433,2.6107662
5.0178313,6.8272533,9.274019,3.95183
4.7821827,5.0007915,4.9221935,1.7697396
6.8720493,5.702731,13.023167,1.437702
5.885076,7.1672025,10.491115,3.4598718
6.6346626,6.062618,12.354017,2.1482742
5.5798545,6.9808655,8.309567,7.6169167
5.1123505,4.859974,9.737825,1.9304856
7.654386,6.781339,13.1205015,1.9335555
5.6941867,7.7995486,10.326045,5.086815
5.142747,6.5230474,8.348066,4.2203584
5.154781,4.2928505,11.090037,1.3491359
5.415836,5.0188813,10.454192,1.901348
5.0604763,6.4112597,8.136675,5.9811497
5.7680016,7.3849726,9.259906,7.9680037
4.934429,4.7492614,7.224538,1.627648
5.5401115,7.641656,10.255271,4.620288
4.830156,6.291771,8.908213,3.2990296
5.348654,7.2630267,9.710333,4.8224063
4.9954224,4.786797,8.844522,1.8426409
4.7637925,5.1772738,5.087688,2.1141334
6.5335817,6.8540425,11.402077,2.8261282
5.521548,6.212943,5.4549956,4.6804566
5.67766,7.77212,10.288869,4.3220606
5.042112,6.006093,6.928024,3.0853987
6.158546,8.4122505,10.816767,7.009837
5.5289836,5.15262,10.802769,1.9877433
4.900643,5.76336,8.287282,2.7238445
6.6311107,8.781066,11.138259,9.181019
5.3508782,5.796116,10.150765,2.6404068
4.64553,3.750152,9.466225,0.993104
5.1662264,4.609806,10.377621,1.674437
4.9144926,5.417369,5.1113153,2.290403
5.878993,6.13084,10.853241,2.6271615
5.02096,5.5428767,6.8104463,2.2998564
6.3007784,7.6781406,10.673472,3.59871
4.671162,3.7780595,8.704734,0.8972869
6.7121434,9.099699,11.475495,5.7423353
5.030052,4.503914,7.955533,1.3188415
4.915212,5.826339,7.6634727,2.6973145
4.8890333,3.9868636,10.630752,1.1901507
6.410718,8.665766,10.979847,5.1563387
6.9934096,9.304014,11.605808,9.794446
6.936092,6.9955454,11.675525,2.67946
5.304027,7.192097,9.691081,4.1226683
5.430085,6.6375723,10.064968,3.289629
4.9674325,6.2155614,9.381284,3.17511
5.8386836,7.80207,10.44058,4.02638
5.6019096,5.616755,10.620491,2.3636281
5.68874,7.4755173,9.586792,7.6016498
5.4299207,7.315853,9.678804,6.1084375
5.4687276,6.220683,5.9770975,4.8790407
6.4791117,7.3562956,10.769074,3.2043824
5.4270515,7.4740443,9.992495,4.478236
5.1742544,4.7477746,10.002516,1.7869453
5.167937,5.083426,8.813822,1.9973505
5.9645257,6.8438144,6.3764424,6.924181
5.3999357,4.1153584,12.248446,0.96696526
5.2158494,6.5808425,8.147755,6.6780276
5.3665733,4.9223948,10.549955,1.8498511
4.349079,3.220989,6.9404073,0.11875853
4.88845,3.5985303,10.69976,0.61958265
6.137484,8.345406,10.6862755,5.168796
4.9613495,5.9871645,7.0041957,4.448602
5.5285645,5.396539,10.418515,2.1842659
6.574102,7.920231,11.274666,3.6907525
6.1964836,5.833531,11.244755,2.1642742
5.289291,6.2835927,6.9058504,6.086599
5.0764422,5.735014,4.783564,3.0567496
7.598018,7.821627,12.1502495,2.9586637
4.5969133,3.1633158,9.843126,0.2000472
4.9765944,4.943768,6.1977725,1.6086129
4.712728,3.6805637,10.083307,0.88230485
5.558799,7.397138,9.695471,6.859972
5.3308897,7.280024,9.769511,4.592884
5.243982,4.6004386,10.440539,1.591515
5.0743423,5.7250795,4.8789725,3.0797493
4.9920278,6.022345,9.194089,2.9667873
5.589587,5.3881927,10.626349,2.1673713
5.7255974,7.0102234,10.467729,3.4520571
5.572865,4.145945,12.879777,0.8910233
4.640195,3.9787695,6.9921184,0.898144
5.2914,6.9856286,9.815588,3.6687894
4.873665,4.8566957,6.6296782,1.724134
6.9351487,6.3765707,12.241885,2.153875
5.21166,6.000172,6.02134,4.8894296
6.3336887,5.809358,11.772073,2.0710864
5.6011834,7.681128,10.324948,4.252161
5.5583677,7.600423,10.170389,5.5365663
5.074986,5.381258,7.6814785,2.1911516
5.248952,6.8546934,9.756255,3.5772398
6.9441485,9.246162,11.291776,4.998314
5.737397,7.5880327,9.828714,7.4792175
6.512151,6.8243384,11.646553,2.869071
4.493063,3.6656203,8.15783,0.85452515
6.2003965,8.483545,11.040564,5.2743554
4.8436875,6.386221,8.574963,4.1760597
6.8583994,7.150951,11.638533,2.866189
6.2971377,7.977956,10.624496,3.8515606
5.061227,5.594557,9.549682,2.603737
4.472517,3.5435038,7.9370413,0.65185505
7.571955,7.032938,13.146742,2.3870528
4.7710834,5.4284816,5.6538234,2.5931885
5.113768,4.590748,10.028163,1.6516892
4.7377734,3.9413774,8.927528,1.0811902
5.7941303,5.098216,11.60486,1.7525566
4.5840664,3.4181197,7.656556,0.2674383
4.879934,5.930952,7.23513,3.703966
5.3156185,4.3332176,11.415018,1.2787474
5.141461,4.675982,10.244686,1.7582942
4.95082,5.3845186,8.525968,2.370718
5.379477,7.063612,9.189416,6.9428434
4.665739,3.607833,10.042609,0.813265
4.608613,4.214905,5.5961213,1.026108
5.2383265,5.8900046,4.9400225,4.1097
4.9149785,3.9516273,10.1160145,1.03776
4.794662,6.380289,8.606601,3.4938772
5.092474,5.164671,8.507408,2.0655246
7.4925327,9.895499,11.7088585,5.431732
4.855541,5.813395,6.6749344,4.533287
6.235125,7.8181405,9.225622,9.08993
4.928636,4.1502504,10.47758,1.3607392
7.55828,6.268647,13.785819,1.4630319
5.3243594,5.691337,9.918688,2.547523
8.020721,10.550104,12.251053,5.6807036
5.2309804,7.024569,9.265108,5.368196
5.7153864,7.6996055,10.041659,7.345913
5.263503,6.816227,8.831084,6.602949
6.6095576,7.965209,11.1169,3.6812289
4.770176,3.2873428,10.340722,0.25165477
4.804148,3.9972758,9.437144,1.1659806
4.5802717,3.932954,6.213757,0.7938902
5.121316,6.1299334,9.644427,3.022029
4.7182183,3.6217878,10.3031025,0.8163444
5.004104,5.323514,8.888101,2.3197868
6.4937015,5.711053,12.196843,1.8383119
4.7863483,3.7709515,10.039921,0.9236156
7.4883337,7.4689817,12.512038,2.7876325
6.181235,5.7097607,11.568864,2.0850039
4.9503474,6.1446166,7.6790333,4.360866
5.546305,6.7113976,7.742293,5.549052
7.1524615,7.660819,11.836158,3.1122594
4.944219,4.2590265,9.601931,1.3680001
5.1034565,5.824319,5.9807696,2.892702
6.70764,8.878886,11.268232,4.4117794
4.9968038,6.7777996,9.15148,4.5671186
5.1039114,5.753039,8.344748,2.5622168
4.8580694,5.0720286,5.6329427,1.7810537
6.2674894,8.561266,10.950317,6.6334763
5.229497,7.248662,9.878049,4.523492
4.4378877,3.2606533,8.617258,0.36264738
4.5113344,3.9537504,5.6841536,0.82241374
4.872696,4.393084,9.068585,1.5384854
5.6366844,7.781108,10.355007,5.635455
5.0595455,6.015828,7.6600695,2.7629247
5.42616,6.5421343,10.252774,3.2367544
5.265646,4.817727,9.6423645,1.7213705
5.1008873,6.7101955,9.724323,3.546121
4.788612,4.1372066,8.962152,1.2778503
5.904798,5.7507825,11.062794,2.3057847
5.00914,4.5655336,8.696937,1.5541198
4.9198456,3.7267241,11.074061,0.83014804
5.287365,6.1481304,6.513794,4.376289
5.570477,4.9853854,10.880199,1.7721751
4.834671,4.4111147,6.5606756,1.1545244
5.83773,6.5900803,5.434038,4.906727
5.202819,4.154731,11.423972,1.1441603
5.403778,6.778414,8.252449,6.8902116
5.1655874,4.193411,11.340254,1.2458718
7.2087326,6.4906206,12.630797,2.0337317
5.6751614,7.1957603,8.943018,7.169155
5.6289725,6.061753,10.102233,2.6411
5.175697,6.1837454,6.9059877,5.769856
5.560039,5.897352,5.403377,2.1485052
5.2270913,5.9896383,6.160222,3.9090009
6.112599,8.057009,10.784549,4.0890617
5.089237,5.8660035,6.004145,4.678388
5.2878413,4.1272087,11.907917,1.0559044
5.229542,6.0694103,6.4772444,4.298681
5.34734,5.9982657,5.2631164,4.390666
5.400566,5.861351,9.7842865,2.619588
5.718052,4.9532614,11.6994705,1.6704427
5.7059855,5.456071,10.971981,2.180617
5.2569532,5.3212085,9.875217,2.261495
6.0935583,8.346027,10.890277,5.934276
5.1483455,5.7971554,7.9228153,2.5459754
6.8590307,5.5409904,13.895664,1.3699845
6.3132157,8.554867,10.899315,4.999897
5.8449526,7.944673,10.5309105,4.2696843
5.402544,6.049897,9.78202,2.770743
6.740403,5.995682,12.594578,1.9941403
5.6300955,4.8218417,11.6237955,1.5987349
7.677928,8.122248,12.4891,3.2056377
5.6323643,6.5960145,6.6043444,7.09464
5.9377985,8.049976,10.435903,6.7113743
4.821961,4.1635065,8.865096,1.2634723
5.1942024,7.0078945,9.371409,5.8732142
6.3970394,8.104148,10.923527,3.932798
6.18821,8.205,10.45163,8.454245
5.2673655,4.5949483,10.25657,1.5282959
5.327659,7.3382115,9.882702,5.1606836
5.847925,5.3529043,10.994929,1.9301913
5.168386,4.7149353,10.293161,1.7875922
8.131055,8.126726,12.984668,2.9415042
5.389678,7.2942057,9.599133,6.518468
5.7351036,4.9056396,11.667994,1.5900738
6.9518657,9.368938,11.433814,7.564893
5.390004,7.152814,10.09762,3.770388
5.155948,7.121146,9.754986,4.1508546
6.9703455,9.261242,11.224147,5.3352847
4.383879,3.4310384,6.558646,0.38061395
8.458222,7.1350055,14.759459,1.6484978
7.2445445,9.747001,12.010579,9.708838
5.0116024,4.713306,7.742429,1.5893891
4.877999,4.954447,7.151163,1.8976977
5.1171784,5.2813263,9.480909,2.2779932
4.774413,3.9556086,9.914787,1.1844814
5.0349,6.2010584,9.504868,3.136839
6.1483545,8.47027,11.160076,5.227696
5.0695667,5.306558,8.577928,2.2307222
5.765614,6.5936146,6.0203204,6.180266
7.0106897,9.376199,11.441077,6.2499433
6.320156,5.8696103,11.451547,2.1014564
5.2967553,6.1453953,6.405291,5.99234
5.1316524,4.090325,11.114088,1.104531
5.021161,6.029044,7.869193,2.8213913
5.8701134,7.0198627,10.353567,3.3157978
5.6494665,4.6952662,11.633011,1.3918579
6.132118,5.6171966,11.373406,2.000989
4.8611794,6.470589,8.726985,5.240593
6.2389493,5.892389,11.204061,2.1749043
5.13677,5.9888654,6.5080423,3.8057976
5.1731577,4.127085,11.532298,1.1420007
5.148783,4.9118958,9.688525,1.9480845
4.662235,3.8074305,8.916003,0.98410606
5.161658,4.935526,9.681654,1.9547625
6.340474,7.235648,10.909587,3.2319696
5.115547,5.508538,7.181664,2.2570288
6.2660184,4.4810834,14.423197,0.7062193
6.934364,9.331118,11.587308,6.130417
4.9265723,5.202063,8.364675,2.2172763
4.411212,3.3311765,6.9235563,0.2118847
6.329469,6.155779,11.567502,2.4024506
5.524115,4.2803407,12.255641,1.0401137
5.4545584,6.4864435,7.0791473,6.413396
5.6775784,7.45795,9.614971,7.525717
5.8207054,7.1584063,8.110299,8.223122
5.6392355,6.409679,5.6719036,5.684741
7.2868953,8.913796,11.746552,4.070084
5.3315516,7.3427405,9.922913,4.2199306
6.195691,8.380084,10.654326,6.5428267
5.0727983,5.4155526,9.016183,2.3821864
4.9084096,5.243552,6.4983687,2.0806322
5.044531,6.7135763,9.473711,3.5688715
5.514089,6.696262,10.177616,3.3108294
4.9935703,6.6562614,8.846781,4.512942
5.1670666,6.606244,9.666948,3.415396
5.6094046,6.91783,8.121265,7.573854
5.320297,6.3040566,6.9670978,4.497374
5.5790706,4.786711,11.617917,1.5877358
6.955862,9.410845,11.754588,9.150302
5.1164017,6.946024,9.436505,3.7681193
5.5930595,6.4625635,6.254257,6.7019424
5.7309065,5.1546593,11.281509,1.8496724
5.307146,4.70601,10.5491495,1.6608019
4.9912496,4.4575515,9.570778,1.5672259
5.900831,8.057378,10.666705,4.440441
4.630097,3.2240357,9.826177,0.270145
5.122799,5.8767385,5.9114065,4.827079
5.124004,5.2936664,9.405479,2.2714057
4.5204887,3.2912083,9.004411,0.3451188
5.6581964,6.5729666,6.5535564,6.8564653
5.1906705,6.633608,8.413619,6.524413
6.5552363,6.0715046,11.704214,2.141634
6.071468,7.456377,11.148602,3.662509
6.102841,7.3612013,8.038247,8.616226
4.595571,3.5597787,8.292957,0.5642786
5.1352825,5.0666547,7.824853,1.8883886
4.9806294,5.553543,9.343352,2.592285
4.9807544,5.289259,7.913031,2.193995
5.0980372,6.090566,6.7468348,5.8336363
5.3658853,7.303279,9.731857,6.058578
4.3645797,3.0382075,8.454855,0.04905143
5.238889,6.694456,8.521209,6.3383193
4.8786354,6.237887,8.173698,3.7868052
4.8726196,4.699307,5.2969413,1.3040372
5.4968557,6.276264,6.052383,4.9213514
5.1846175,5.513761,9.628861,2.4464178
4.4157677,3.434077,6.370514,0.3122607
4.460701,4.163081,5.4418592,1.1011122
5.982779,8.180696,10.702909,6.8784657
8.010762,10.484133,12.023728,5.1775384
5.5355473,5.3787203,10.645031,2.2030344
5.0250893,4.591797,10.121832,1.7478755
5.0307097,6.20276,7.5375347,4.802411
8.420628,10.343542,12.315226,4.581794
5.5351787,6.5586224,6.979761,6.581384
5.356328,3.9297292,12.499375,0.78561217
5.4112225,7.1808453,9.422178,6.6652365
4.842967,5.9427013,8.532899,2.9388418
5.008199,6.086269,7.352868,4.7567596
5.668544,7.7209816,10.253759,6.253917
6.834931,8.329568,9.272521,9.941872
4.921687,3.8867173,11.030591,1.0435517
4.8779917,5.175773,4.9208236,1.9603126
7.4064584,9.867029,11.918401,9.990046
6.094407,7.9905186,10.940183,4.0729995
5.400998,6.130873,5.424416,5.3282723
5.4086185,4.0422072,12.411431,0.87217087
5.7267203,7.6818666,10.482949,4.018646
5.4404655,7.3819265,9.748175,5.8640246
4.589622,3.765431,8.619283,0.9495722
5.1775703,5.965976,6.100559,4.530096
7.1541095,6.440787,12.388259,2.0019546
5.282733,3.7713726,12.334855,0.645314
5.252735,4.7643,10.33954,1.7588321
4.9234233,5.5981784,5.8837547,2.622358
5.4706297,7.504349,10.064844,4.3291516
4.847803,4.8015475,5.90236,1.5306402
5.344179,5.9259043,6.9729033,2.4442675
4.8916163,5.325692,5.170527,2.2048023
5.154854,6.147418,7.0107594,4.264622
4.8657837,4.7675104,5.888925,1.4830165
5.142881,6.21782,7.138181,5.700412
5.0519037,5.4226265,9.346256,2.4302506
6.7428365,6.0032144,12.366454,1.9535581
5.7875686,7.901204,10.405599,7.0553174
6.7096124,6.1638923,11.921008,2.1241307
6.130557,7.7160954,11.104982,3.828339
5.5960045,7.5118937,10.342524,3.9520798
6.5027304,8.708246,10.881447,8.867843
5.753293,7.1304326,8.317903,8.10989
4.7221518,3.9065742,8.999854,1.0519074
4.5819592,3.2224367,8.084869,0.0
6.2268643,7.7390776,9.039322,9.128641
5.0771,4.2433186,10.847237,1.3485079
5.0995474,5.941136,6.451889,4.2543044
5.526721,4.080222,12.833412,0.83499837
6.4171233,5.6968355,12.098023,1.8835977
5.1657743,5.0921397,9.204863,2.0394092
4.4840703,3.6910274,6.7280703,0.6442198
5.6099806,6.706373,7.0552225,7.501419
5.315689,7.2795997,9.758643,4.6275134
5.096342,6.005854,7.0390253,2.8411407
5.9071493,4.523699,12.936366,0.981519
5.376458,5.3216753,10.196876,2.2088077
8.110253,7.1926227,13.634688,1.9762635
4.9305663,6.443415,8.5571,4.306888
4.7856555,4.1312428,7.1210446,0.9511637
8.210999,9.524015,12.350665,4.020971
5.691696,7.8238993,10.374421,6.1868205
5.5893264,6.4533486,6.117292,6.509375
5.2965484,7.110614,9.426859,6.2143517
4.9185367,6.7342763,9.244721,4.249363
4.762211,5.3756223,4.741346,2.3827317
4.6587167,3.5745447,9.479322,0.7158904
6.617995,8.898501,11.074542,5.9399505
4.878067,4.1859183,9.408505,1.3171644
6.734599,9.166551,11.476024,7.1519384
5.3329077,7.356084,9.940836,4.1954975
5.7499614,5.4023128,10.54891,2.018321
4.887522,6.2522063,8.134486,4.5215783
6.821778,7.640781,11.422227,3.2814922
5.747635,7.860115,10.3535385,5.9997296
5.2259088,7.1012516,9.57035,4.1218433
4.8980045,6.4804544,8.756867,3.3893209
5.479607,6.335541,6.606333,3.5245278
5.4238005,5.64761,10.346461,2.4864488
4.6677322,3.8510447,7.8942475,0.8452778
5.480076,6.922413,8.502685,7.5814514
6.091888,5.4356565,12.1056595,1.9165139
5.2076817,5.9437428,8.994566,2.734516
4.966122,5.6212063,7.9325094,2.5039454
6.5519123,8.858612,11.157591,5.437555
4.951447,4.550372,7.761327,1.4411237
4.960459,6.072132,7.264711,4.1806087
6.726257,7.1097937,11.588856,2.936068
5.445088,4.5464735,11.651214,1.4518507
5.2076426,6.260331,9.896739,3.1104646
4.9686937,5.560186,9.049122,2.5772157
4.9559665,6.271586,7.9405603,4.6528196
4.993423,4.749065,6.8614616,1.4940268
5.0573506,5.5336695,7.6358147,2.3385231
5.864826,4.574185,12.960423,1.1128302
6.114061,7.5479455,8.62793,8.802542
5.848248,7.954678,10.398457,6.8869925
6.0003424,6.378824,10.924203,2.760564
7.134066,5.7328234,13.872708,1.2698158
6.23481,8.4898,10.85854,7.511682
4.9471245,5.6650763,8.192452,2.5898628
4.5413184,3.8684428,6.1841097,0.72590184
5.0128307,5.6301236,4.817798,3.401743
5.4295106,6.035024,9.960556,2.7603168
7.463878,6.5421658,13.586895,1.9347216
5.0382,5.396208,8.139463,2.2753987
6.4039826,6.021252,11.567191,2.2138565
5.210797,5.465348,9.472346,2.3697457
7.464108,9.837309,12.062021,10.8739395
5.8184595,4.4610014,12.799567,1.0022129
5.0353765,5.409103,9.416087,2.439158
5.3182144,6.327383,6.8765693,6.6351795
6.7015142,6.5167,11.725497,2.4463909
6.407499,8.749105,11.218803,5.943627
5.016756,6.79812,9.192597,4.191969
5.802308,5.6117616,10.81354,2.2326543
5.87209,8.060519,10.5257435,6.818405
5.5120916,5.602828,10.417836,2.3930094
5.629017,7.685845,10.208997,5.989998
5.6221104,7.599225,9.997075,4.3668804
6.5284934,8.820172,11.220604,5.4020996
6.2967196,5.83078,11.635272,2.1092367
5.8359823,4.5556355,12.971135,1.1493375
5.612243,7.370574,10.44153,3.8345003
7.8478093,6.5875287,14.147343,1.5785576
5.2174363,5.989831,6.0734363,5.292536
4.798644,3.6197295,10.533597,0.7476908
4.828601,3.250814,10.466388,0.07797083
4.961375,6.499306,9.285931,3.4134793
5.1416016,5.025177,6.7596335,1.6544521
5.801204,6.65802,10.7769165,3.1320736
5.080474,5.950189,8.79195,2.8065922
6.1635876,6.3049536,11.122458,2.6015453
5.0813155,4.633605,9.870209,1.7111572
5.907112,6.184543,10.649375,2.6142526
7.4483085,9.893336,11.680074,6.1775703
5.82181,7.952257,10.362573,5.214562
6.4748845,5.466926,12.818207,1.6134665
6.260445,6.7844934,11.453448,2.9936786
7.2515845,9.7091255,11.945885,5.3086267
5.3402348,5.0419197,10.387957,1.9963329
5.0115566,4.261266,10.043872,1.3764037
5.4059925,5.91823,10.058986,2.7026713
6.6498713,9.008492,11.258988,6.941312
5.172092,4.6053066,9.9600935,1.613874
5.241847,6.13136,6.6674905,3.5551264
4.856787,5.463201,5.094731,2.7091105
7.365707,8.020907,12.038483,3.2778568
5.1481895,6.086402,6.8426027,4.555565
5.0895414,6.887362,9.644696,3.706163
5.2665744,5.7325373,9.885096,2.617027
5.759312,7.299591,10.599895,3.6860578
4.836393,4.0463467,10.169839,1.2742617
6.7535872,7.0498238,11.573255,2.8473105
6.2246437,5.4681563,12.011992,1.796199
4.49372,3.281058,7.104373,0.040949907
5.038761,5.659236,5.0087395,2.9715712
4.9500203,6.336174,8.21941,5.6062174
5.5148544,5.9084077,10.301706,2.6322186
5.24435,7.123044,9.504511,5.647143
5.4636617,7.5488443,10.165616,5.700201
5.364508,5.522487,10.012418,2.3689582
6.148576,8.332175,10.6785965,4.9088254
6.65091,7.170248,11.146413,2.9704251
5.47386,5.823992,10.301736,2.585072
5.18021,7.0751743,9.509293,5.1141806
5.678563,6.0109563,10.383273,2.6020064
4.962841,6.7535987,9.196768,3.9941218
4.873751,3.861847,10.009944,0.91373086
6.40091,7.154907,11.150548,3.1570268
5.2624593,5.977486,5.5188804,4.982716
5.28734,7.139662,9.904512,3.8118129
5.0427094,5.2036576,9.0753765,2.2085707
5.7713447,6.0577087,10.846919,2.6515694
4.95393,5.152467,7.6435976,2.057391
5.267121,4.9953775,10.129808,1.9787092
5.6270103,6.3384657,5.427687,5.187301
7.7371416,10.119753,12.123566,11.40516
5.206456,6.8271556,8.942227,6.2027617
6.7035875,9.143961,11.553047,7.3305697
4.7039576,3.5916696,10.01452,0.7540612
5.7125983,4.5290003,12.43791,1.1946784
5.922604,8.081808,10.46784,4.887009
4.8925314,5.808091,6.7427516,3.0319335
7.4795976,9.638058,11.555417,11.239016
4.929859,5.779822,9.450036,2.8344722
5.1451054,5.192229,8.981993,2.1074238
6.011662,7.5064697,8.84961,8.686248
5.4070196,4.106993,12.18651,0.91978437
4.724583,4.9144382,4.81214,1.71454
5.272177,4.7395563,10.394087,1.7133701
5.0767627,7.0213723,9.645204,4.0050817
4.9137626,4.5136967,7.8404922,1.4631542
5.034542,6.2936444,8.88775,3.1558042
5.7774296,7.9652004,10.625707,5.2241616
5.107854,4.6767197,9.823091,1.7553989
4.4579525,3.1765358,7.4804015,0.0
4.891395,4.564854,6.800755,1.3597829
5.082688,5.65388,8.39541,2.4973378
4.918542,5.62798,5.8221345,3.657521
4.9940467,5.7316837,8.851131,2.681148
4.919562,5.6942596,6.11657,3.1241107
5.14037,5.7051444,9.166191,2.5909486
5.359209,6.9850106,8.995803,6.7679553
5.4069085,6.2810607,6.386011,5.8063526
5.2352476,6.2957582,10.047302,3.135382
4.640312,5.0146394,4.784265,1.9965651
4.7490664,4.2316966,6.738753,1.0639
5.492488,5.161551,10.561854,2.0131319
5.1103473,6.1043034,6.977248,4.201382
5.6138477,6.2952914,10.093448,2.8597379
4.9374385,4.445499,9.2365885,1.5657957
5.5205226,7.5058365,9.9202795,4.7739015
6.229078,8.416711,10.746014,7.6356897
5.1194825,4.8360643,9.830229,1.9082932
5.935411,7.9506745,10.934719,4.154218
5.2372203,5.159332,10.047075,2.1492898
4.5989103,4.933749,4.7953854,1.9139609
4.9200087,3.780686,11.101291,0.9045131
5.4746566,6.183332,5.1808295,2.9939709
5.4329886,7.176361,9.350072,6.7017455
6.90973,7.8817353,6.772891,7.21275
5.0948033,6.2660165,7.5766416,5.983529
5.4446826,7.111427,9.2064295,7.071729
4.9632025,6.67371,9.057519,5.0907254
4.7117615,4.548566,6.0459447,1.4113309
6.254612,7.774893,9.116286,9.174372
5.15861,3.6240346,11.671421,0.45728692
7.618962,7.6756725,12.663548,2.8875182
5.1138024,5.721899,8.334026,2.5193114
5.090552,5.717312,4.8691807,3.0469036
4.85916,6.010784,7.547899,3.0345223
6.112906,5.5939403,11.62775,2.037718
5.113871,3.8232164,11.630338,0.819586
5.3358483,6.202081,10.048411,2.987775
4.957078,6.649185,8.971434,4.1420455
4.9664245,6.6622963,9.04442,4.183071
4.759482,3.2233973,9.745837,0.0
5.0147905,5.411621,5.894455,2.18902
6.112853,6.101735,10.767628,2.4047596
4.909021,6.61282,9.05863,3.5701478
4.3774843,3.2327092,7.3252683,0.19145614
7.3719788,8.834733,11.811082,3.9517019
6.6807075,9.036471,11.354919,5.254376
5.6584687,7.456253,9.697664,7.0425677
5.04134,4.948645,8.930902,1.9663881
5.410558,7.18157,10.2235155,3.8009915
4.9433737,6.3180003,9.141185,3.2670426
5.056023,4.8600373,9.072475,1.8938612
4.8583274,4.771785,6.0213194,1.5142872
4.591482,3.54478,7.018825,0.3415362
5.1210966,6.052828,9.439478,2.942108
5.982412,8.2339,10.816656,6.090904
5.644619,7.7985754,10.445817,5.7911186
4.3366075,3.2915444,9.097798,0.61723346
4.800577,4.0973983,9.142604,1.2533219
4.685537,3.6284342,8.084709,0.5116825
5.034413,6.131269,8.014407,2.9252348
8.148117,10.581223,12.541645,12.280376
6.147798,7.4311085,8.18076,8.702498
4.841365,4.82115,5.162358,1.4292253
5.665061,7.38656,10.28384,3.7859364
4.8204727,4.249734,6.823653,1.0225428
4.9502187,3.897553,10.929758,1.0197594
4.5328126,3.1016307,9.447095,0.08772832
4.4572506,3.3152258,7.1141615,0.1577268
5.1042447,5.298599,7.231999,2.0702755
7.49339,8.12277,12.042016,3.2790875
5.342193,4.5268745,11.0861025,1.445576
5.3849297,5.4705544,10.144892,2.3317058
5.267539,7.196729,9.806741,4.2466125
5.340935,5.109286,9.498573,1.9496757
5.109144,6.8638744,9.22738,4.8711185
5.182886,6.234527,7.1734095,5.4053164
4.965995,5.9905276,7.0472484,3.0346568
5.869207,8.02091,10.628655,5.127239
5.604384,6.5428996,6.622754,7.0944924
6.8254123,9.112204,11.254188,5.264815
5.293333,7.2488756,9.895453,3.9954772
7.8452287,10.305876,11.935146,5.4807096
5.6413016,5.539674,10.589742,2.2630372
5.0296664,5.4307184,7.361292,2.244823
6.9247,5.336079,14.299235,1.013209
5.9175296,5.2852955,11.502958,1.8317425
5.7084093,7.7251506,10.1003895,4.4185925
6.8480935,8.699005,10.376026,10.168028
5.09696,5.5203986,8.802432,2.4246979
5.7680063,6.0881333,10.476763,2.6058922
5.2183604,5.9002585,5.6350894,3.2128503
4.806827,3.9874423,9.0784235,1.0776967
5.0240445,6.86347,9.329644,4.950308
5.930684,8.091093,10.522088,5.10147
6.2985992,8.368105,10.860053,4.2280807
6.3545604,8.683344,11.2368355,5.362319
5.022131,4.2158318,10.875019,1.3693209
5.0267305,4.9541063,8.759728,1.9641845
5.768027,7.140308,8.37171,8.259751
6.5288515,7.113851,11.5884495,3.093632
7.5776234,6.977681,12.591701,2.1779172
6.8713036,6.6249256,11.996824,2.4560685
4.977665,6.6564403,9.13481,3.5373487
5.9948235,5.595226,11.327618,2.1063082
5.013793,6.176806,7.6782227,3.0855327
4.6413426,3.9954662,8.923457,1.2604085
4.995719,5.6476727,5.848998,2.5819132
6.0109415,8.252066,10.75648,5.708347
5.021145,6.6186867,9.495481,3.4996626
5.1586914,6.0626974,6.6150236,4.367918
6.444906,5.7891455,12.071554,1.9704647
6.877638,6.2653394,11.950138,2.0149138
5.810567,7.9341288,10.432121,6.5822744
5.7302947,4.7805343,11.52738,1.3977077
5.9713917,4.7069545,12.736998,1.1416183
5.0921884,4.8229256,9.609388,1.8915858
6.1265965,6.662765,11.050368,2.9244516
5.015313,6.151675,7.329824,4.93524
4.900677,5.5025663,4.975719,3.2694147
6.0483756,6.943477,6.459656,6.9578605
5.139333,6.1037264,6.7135344,4.9186745
5.6712418,5.0864577,11.17059,1.8178734
5.267726,7.286256,9.923211,4.6786623
6.8212476,8.690185,11.646736,4.227945
5.4734592,5.2870374,10.560344,2.1570382
5.090799,5.0807633,8.964717,2.051238
