,YEAR,YIELD_1,YIELD_2,YIELD_3,YIELD_4
0,2048,5.54,6.61,10.39,5.77
1,1,4.39,6.86,8.49,8.65
2,2,4.07,6.04,6.12,6.34
3,8193,4.77,6.08,10.6,3.93
4,4096,4.4,3.51,8.6,5.58
5,6149,4.13,4.81,9.58,0.76
6,8200,6.43,4.84,9.32,8.65
7,10,4.83,5.8,10.33,3.27
8,4109,4.48,5.96,9.49,4.0
9,8206,5.36,4.16,5.52,2.83
10,2062,4.71,3.05,6.08,0.92
11,2064,5.96,8.03,9.28,6.56
12,6161,6.7,5.42,11.35,2.55
13,8212,4.26,8.73,11.21,2.69
14,8215,5.87,5.68,11.46,2.96
15,6167,3.63,3.21,11.12,1.74
16,8217,3.86,7.15,11.33,2.28
17,8218,5.09,3.33,10.38,3.88
18,28,5.8,10.23,8.52,3.93
19,6175,4.93,9.12,9.96,6.17
20,33,3.63,4.4,8.52,3.06
21,35,5.88,6.31,9.63,1.35
22,2084,3.75,5.42,7.0,5.86
23,4133,4.68,4.4,8.86,5.73
24,39,5.86,6.2,9.99,0.0
25,6186,4.18,8.41,7.26,7.0
26,46,4.02,3.77,9.72,0.18
27,6194,4.14,5.57,9.56,1.07
28,6197,4.17,6.28,10.62,2.32
29,8249,3.48,3.51,9.62,1.36
30,4153,5.69,7.01,8.98,5.82
31,6201,3.99,5.85,9.89,2.14
32,8255,3.93,4.36,9.68,0.43
33,2113,6.23,7.09,9.78,4.15
34,4166,6.67,7.68,9.63,1.12
35,2119,3.61,5.33,11.79,2.48
36,72,5.47,7.64,11.08,2.44
37,8267,5.59,6.79,9.09,3.77
38,6219,5.25,4.26,8.14,0.5
39,6220,4.63,5.07,10.09,3.48
40,78,7.55,6.84,11.53,2.02
41,8272,4.21,4.67,10.6,3.57
42,88,7.64,6.78,6.65,3.15
43,6235,6.43,4.99,7.92,0.74
44,92,6.93,4.87,10.69,2.16
45,2141,4.14,8.16,12.46,3.42
46,2142,5.56,7.63,11.59,4.43
47,95,4.61,5.28,9.0,1.56
48,4188,7.06,7.69,10.49,2.65
49,4190,4.15,4.63,8.58,2.57
50,8292,4.11,7.26,9.44,1.97
51,6246,4.17,6.99,8.8,2.5
52,2152,9.0,9.05,8.43,4.77
53,4202,6.5,8.02,10.01,3.42
54,8299,4.23,7.26,8.09,2.81
55,4207,4.51,7.33,7.37,7.61
56,2161,6.77,6.02,11.17,2.04
57,2164,7.75,7.23,10.66,2.47
58,6263,6.65,5.28,9.41,1.05
59,120,6.24,4.96,8.97,1.7
60,6264,8.24,6.77,11.74,6.55
61,128,6.25,4.29,9.32,0.08
62,4228,6.16,7.15,8.25,4.59
63,8326,6.68,7.04,12.22,5.75
64,135,7.31,7.93,8.31,4.02
65,6279,6.31,9.26,7.82,8.53
66,8330,4.1,4.77,8.8,0.13
67,4235,8.13,5.21,7.55,0.0
68,8332,7.15,8.19,13.28,2.39
69,141,4.47,5.46,4.27,1.94
70,8333,4.09,7.11,8.76,3.27
71,6286,4.78,6.01,4.98,3.22
72,8337,4.49,5.47,11.35,0.92
73,4241,6.07,9.09,7.59,2.45
74,8341,4.86,7.07,10.94,3.84
75,153,5.65,7.57,11.86,4.66
76,4252,3.42,5.19,5.33,1.74
77,157,6.24,9.24,10.15,3.92
78,4257,4.8,9.36,10.23,8.65
79,2212,4.61,6.16,10.72,2.43
80,8357,4.24,3.24,9.8,1.35
81,6309,4.58,9.02,11.53,5.35
82,4263,3.99,6.49,11.48,4.72
83,170,6.69,8.21,11.01,3.69
84,4267,4.8,7.43,11.76,2.5
85,8364,4.97,5.46,4.43,6.07
86,2225,4.51,5.39,10.91,2.91
87,181,7.19,5.23,11.56,2.89
88,4281,5.84,4.49,8.42,2.07
89,8378,5.36,8.57,6.19,9.62
90,8381,5.56,6.21,8.35,2.4
91,2238,5.88,4.27,10.39,4.23
92,8383,4.24,3.8,8.43,1.98
93,8385,4.85,6.41,9.09,1.18
94,2241,5.59,5.99,6.54,1.14
95,6337,5.9,5.55,13.15,0.82
96,6342,4.33,4.21,11.31,1.26
97,4297,4.17,5.55,7.84,3.0
98,4299,4.35,4.19,9.59,1.56
99,205,4.72,3.91,9.88,0.51
100,2253,4.18,4.68,9.19,0.85
101,6349,4.89,8.1,8.68,4.35
102,4306,4.2,6.49,8.58,2.86
103,6355,6.23,4.63,9.99,0.19
104,8404,2.35,4.74,9.88,5.38
105,4308,5.26,5.84,7.09,4.44
106,6358,6.32,4.29,6.84,2.52
107,6360,4.32,6.12,8.91,0.33
108,6365,5.88,2.96,11.2,0.0
109,8416,7.06,5.88,9.53,3.97
110,225,7.74,3.76,10.01,2.1
111,8417,4.4,7.89,8.61,2.71
112,8418,6.04,8.08,11.78,3.8
113,4324,7.88,10.67,10.9,7.09
114,4327,6.41,6.9,8.92,2.17
115,232,5.94,9.22,10.57,3.55
116,8429,4.21,4.56,10.46,4.44
117,4334,7.02,4.35,10.32,5.99
118,6381,3.82,6.37,10.3,4.63
119,245,4.34,5.77,9.7,4.24
120,6389,6.18,4.89,10.06,3.56
121,6390,5.88,7.84,7.53,3.96
122,6392,6.39,7.59,12.28,5.77
123,250,4.73,7.26,8.81,2.6
124,2299,5.42,6.39,9.6,4.78
125,252,6.7,5.91,9.5,6.76
126,2301,7.95,4.99,9.6,1.23
127,8446,4.32,9.4,8.73,2.62
128,2302,5.16,8.24,9.25,4.02
129,8449,4.62,7.64,11.34,1.74
130,8450,8.19,7.33,11.5,4.38
131,2305,4.32,7.04,9.56,4.26
132,6401,5.91,6.19,9.11,4.54
133,2318,4.19,6.78,12.68,4.16
134,2320,6.51,7.43,9.77,3.19
135,4368,6.19,5.45,9.25,1.56
136,8466,6.84,5.76,11.14,3.73
137,8468,2.83,4.2,9.73,6.15
138,2324,5.83,6.35,9.08,4.59
139,8472,4.51,5.56,11.84,6.07
140,2330,5.39,4.05,10.05,3.17
141,2333,6.01,4.56,9.67,5.34
142,4383,5.86,6.99,9.29,3.7
143,288,5.23,6.09,11.18,0.52
144,4384,5.4,4.6,12.13,0.0
145,2342,4.89,5.78,12.05,4.43
146,8488,4.26,6.14,7.44,0.92
147,299,5.72,2.4,8.82,2.24
148,6445,7.43,8.89,6.59,2.72
149,4398,3.54,6.51,7.96,3.84
150,8495,7.58,8.58,6.52,4.16
151,6446,4.88,6.07,10.28,4.93
152,305,6.73,6.3,10.33,5.3
153,2356,4.5,5.34,11.04,2.09
154,8503,5.01,5.15,7.07,1.63
155,8506,8.01,9.73,8.21,3.46
156,4411,4.75,5.13,7.36,4.08
157,8509,5.04,6.43,10.79,1.43
158,318,4.82,6.66,5.76,4.19
159,6461,3.74,5.54,10.34,2.08
160,320,5.26,5.09,9.38,8.71
161,8514,6.13,4.26,9.05,3.7
162,2371,5.05,3.92,8.22,1.25
163,324,6.87,6.85,10.65,5.79
164,325,5.95,7.13,9.26,7.51
165,8520,5.49,4.14,8.21,0.49
166,6474,7.79,8.21,10.28,6.02
167,4428,5.32,6.91,6.95,2.46
168,2381,4.69,6.39,10.41,4.83
169,6478,6.04,6.25,10.4,3.51
170,4436,4.98,8.02,7.21,8.59
171,341,5.21,7.39,10.0,1.75
172,6486,6.95,9.97,10.8,6.55
173,8535,6.06,3.75,10.21,0.92
174,6487,4.7,6.62,11.39,2.12
175,4442,5.32,6.38,11.41,3.06
176,347,5.13,6.88,9.62,4.05
177,6496,4.51,6.44,10.74,7.48
178,6498,7.12,6.87,11.09,3.15
179,357,4.08,4.38,11.48,0.0
180,6502,4.12,5.0,7.03,0.85
181,4456,5.75,5.82,7.26,3.83
182,8554,3.44,7.78,8.31,1.08
183,363,4.76,5.94,6.95,3.14
184,2411,3.82,7.43,11.99,3.99
185,6509,6.1,4.89,11.5,1.65
186,366,6.76,5.62,9.51,1.77
187,8560,4.08,6.03,9.93,2.01
188,372,6.23,7.01,9.45,1.81
189,8565,5.64,7.29,8.51,5.76
190,6520,5.0,9.0,10.51,7.12
191,4473,5.08,8.21,8.97,2.68
192,6521,6.77,6.63,10.2,2.37
193,8571,5.01,3.78,9.02,3.04
194,4476,4.38,7.47,8.72,4.25
195,382,5.58,5.05,8.08,1.11
196,4478,4.75,4.46,11.12,3.06
197,4481,5.33,9.08,9.93,5.05
198,8579,4.6,4.74,11.56,3.23
199,390,5.25,8.58,11.14,3.86
200,4488,5.36,5.64,10.7,1.48
201,8587,5.01,7.53,10.37,1.78
202,4493,6.58,7.42,5.3,3.64
203,8593,3.85,4.62,9.35,3.89
204,6545,5.51,4.28,12.0,2.09
205,8598,4.54,8.27,10.26,3.6
206,2455,4.68,4.74,10.12,1.72
207,8601,5.07,6.03,10.32,3.51
208,4505,5.55,4.5,10.07,1.64
209,411,5.02,6.86,11.52,2.84
210,4508,6.56,4.37,8.33,2.28
211,4509,4.54,5.39,6.43,3.31
212,8608,6.04,5.72,8.84,2.48
213,2466,4.73,5.22,8.86,5.03
214,8611,4.47,7.47,10.02,4.33
215,4519,8.45,7.63,7.02,6.2
216,2472,5.94,7.83,10.86,3.2
217,429,4.06,4.5,8.28,2.43
218,6574,5.85,6.88,6.62,3.61
219,431,3.95,6.24,10.81,4.76
220,4528,4.86,6.82,9.22,5.87
221,433,7.29,7.32,8.58,3.63
222,8625,5.16,6.83,10.05,5.3
223,4529,5.51,8.12,8.67,3.63
224,6575,3.96,4.84,9.86,2.15
225,438,4.18,10.7,13.02,3.33
226,439,5.47,4.35,6.11,0.26
227,8630,5.67,7.88,9.3,3.37
228,441,4.94,5.62,9.51,0.25
229,2486,6.04,6.6,6.69,2.54
230,446,3.73,7.38,6.86,5.28
231,448,4.47,5.04,11.07,1.93
232,8641,4.58,4.15,4.94,2.23
233,8642,4.83,4.49,7.62,3.07
234,2501,5.49,6.95,11.79,1.01
235,4549,6.0,10.32,11.72,3.98
236,2503,3.43,5.22,5.07,2.13
237,8648,4.3,9.26,10.67,4.27
238,8649,6.77,5.59,9.77,0.13
239,6597,5.3,4.9,9.2,1.46
240,2511,4.4,6.23,10.05,1.24
241,8658,6.1,10.02,9.77,8.84
242,2518,6.69,6.18,11.87,2.15
243,471,5.38,6.52,8.93,1.77
244,472,4.9,4.84,6.03,1.57
245,2523,4.54,4.06,12.21,1.68
246,4572,4.07,6.42,12.92,4.23
247,4573,4.7,6.89,8.73,1.89
248,478,4.59,5.02,8.98,5.52
249,4575,7.72,5.49,8.1,2.02
250,4576,3.51,6.3,9.39,3.02
251,8673,3.24,7.07,7.84,3.22
252,6626,3.95,3.67,5.03,1.23
253,4580,4.99,4.66,11.18,7.09
254,4582,4.1,3.6,6.43,1.08
255,8679,5.18,6.64,9.93,3.15
256,4583,6.12,7.99,11.14,5.0
257,491,5.18,3.97,7.8,3.67
258,2543,5.54,5.27,5.99,4.21
259,2545,4.56,3.18,7.34,1.87
260,8691,4.31,5.32,10.45,1.0
261,4597,4.24,5.14,6.13,3.44
262,4599,5.94,5.14,6.87,2.0
263,6649,4.97,5.92,8.76,4.98
264,8700,5.91,5.29,10.81,4.08
265,4604,4.25,5.96,10.88,4.15
266,2558,6.73,6.82,11.56,1.53
267,6657,5.13,6.86,12.25,2.21
268,6658,4.72,6.16,8.94,5.38
269,4611,6.78,7.28,10.95,3.6
270,516,3.94,7.85,8.89,2.86
271,6663,4.79,6.79,10.35,7.93
272,6664,5.93,3.33,9.97,2.34
273,524,5.19,5.11,9.74,1.94
274,8717,6.75,7.09,11.96,2.5
275,2572,4.83,8.96,12.4,4.69
276,2573,5.57,7.4,9.42,2.39
277,4623,4.26,5.72,5.37,4.09
278,8722,6.84,8.71,9.47,3.25
279,6674,4.35,6.32,10.1,2.78
280,6676,3.82,3.21,7.94,0.0
281,4629,6.46,5.91,10.24,2.13
282,4630,5.74,4.35,9.33,1.69
283,4632,7.57,5.83,11.51,0.82
284,8731,7.64,8.27,10.94,2.31
285,8732,4.21,3.95,9.78,0.0
286,8736,3.8,4.88,6.26,1.72
287,8740,4.91,9.2,10.82,5.28
288,2597,3.31,4.74,9.24,0.82
289,8746,5.03,6.54,11.04,2.65
290,6698,4.35,8.28,9.61,5.04
291,556,4.8,6.55,7.89,0.83
292,8750,5.96,7.38,7.81,7.36
293,6702,5.52,6.34,7.42,1.54
294,2608,4.0,6.44,8.53,1.42
295,561,7.52,7.36,8.6,6.34
296,2609,5.37,7.35,8.22,3.2
297,2613,4.65,3.86,9.59,3.33
298,4662,4.4,5.98,7.01,6.31
299,4664,4.97,5.27,9.13,5.92
300,2618,5.26,4.55,11.58,0.91
301,8763,3.53,4.82,10.73,2.52
302,572,4.63,7.58,8.49,1.19
303,8766,4.88,5.95,9.24,1.88
304,4671,4.79,4.9,9.22,0.76
305,2624,3.52,5.56,5.81,4.52
306,2626,5.14,6.0,12.26,0.34
307,4677,4.24,3.94,9.93,2.89
308,6729,5.43,7.95,9.31,5.08
309,587,9.38,10.5,12.38,2.69
310,8780,6.1,3.75,6.92,4.4
311,595,5.97,9.37,11.18,7.91
312,8789,6.0,3.93,12.33,0.0
313,2649,3.66,4.74,9.41,3.87
314,2652,6.91,4.95,10.83,3.46
315,8798,3.98,4.39,11.93,5.75
316,2654,6.66,4.64,13.02,1.21
317,613,4.25,5.19,12.11,5.1
318,6762,4.17,4.85,7.64,1.86
319,6764,7.03,5.59,9.27,4.15
320,6769,3.59,5.33,5.56,2.25
321,4723,5.47,4.44,10.71,2.95
322,4726,6.85,3.42,9.85,1.18
323,633,4.72,7.43,9.75,2.76
324,4729,3.4,3.96,10.49,1.62
325,6777,5.44,5.4,10.14,4.98
326,4732,6.8,4.03,10.21,2.06
327,8830,4.47,5.5,8.59,3.92
328,8831,6.03,7.22,7.75,1.57
329,6787,5.28,7.56,10.14,7.28
330,6789,4.31,4.78,9.87,1.3
331,6790,4.94,6.31,10.72,2.06
332,6791,5.65,8.2,8.64,8.28
333,2698,6.26,6.86,8.51,1.65
334,2699,6.96,9.58,10.36,3.38
335,6796,4.58,5.87,6.45,1.42
336,4752,5.84,5.72,10.59,1.61
337,6801,5.51,7.01,10.91,2.42
338,2707,6.15,8.02,10.2,6.54
339,4755,7.13,6.34,9.11,1.03
340,4762,4.73,4.38,12.24,0.0
341,8859,6.2,5.53,9.31,3.38
342,672,7.24,6.73,11.91,4.29
343,674,6.86,5.14,9.99,7.99
344,6823,6.14,4.32,6.01,7.26
345,8872,3.63,6.66,7.82,2.81
346,6825,5.95,4.95,7.66,5.42
347,682,3.0,6.87,7.61,4.61
348,8875,3.96,8.11,8.94,5.27
349,4781,5.86,4.5,11.87,2.06
350,4784,6.21,6.78,10.95,3.0
351,690,4.45,6.27,9.59,0.52
352,693,5.41,4.37,7.98,0.67
353,4791,3.66,3.95,9.45,3.3
354,2748,4.84,5.14,9.25,5.42
355,701,4.6,5.03,7.74,5.02
356,6845,4.6,6.26,5.46,2.06
357,2756,5.6,7.86,11.1,3.05
358,6853,4.94,4.45,9.28,0.19
359,6856,5.1,5.42,9.85,3.18
360,715,6.11,6.43,8.3,1.02
361,8908,6.12,6.57,13.43,4.0
362,2771,5.27,3.28,8.14,0.0
363,2772,6.07,4.88,11.75,0.52
364,4820,6.44,7.43,10.48,2.57
365,6872,4.01,6.53,10.38,2.83
366,2777,7.16,8.21,11.54,4.27
367,8925,4.51,7.49,10.68,5.37
368,734,3.86,7.13,10.22,3.4
369,4831,6.07,7.74,11.95,2.57
370,736,4.38,4.49,11.15,1.79
371,6879,7.29,5.42,8.02,2.91
372,6881,3.35,5.76,6.21,4.4
373,6882,4.07,9.83,5.12,5.26
374,2791,7.09,5.77,5.56,3.64
375,2795,4.44,6.5,7.62,5.27
376,4843,4.29,5.85,9.75,2.73
377,6891,4.85,8.86,7.51,5.74
378,6893,5.85,7.32,6.71,3.98
379,751,6.82,4.3,10.82,0.23
380,752,8.42,5.14,9.13,2.21
381,4850,7.06,8.03,9.17,3.4
382,2803,7.11,5.92,10.85,1.99
383,8948,4.89,5.42,9.06,7.45
384,6899,4.46,7.34,9.28,6.51
385,4857,4.7,5.25,8.95,5.36
386,8954,4.42,8.37,9.81,4.73
387,8956,8.93,9.74,12.85,7.79
388,2814,5.57,7.75,9.11,4.81
389,8959,3.86,4.19,8.18,0.02
390,2818,4.32,8.95,9.81,3.3
391,6916,4.45,5.33,5.74,0.0
392,4869,3.81,4.94,6.22,3.45
393,8967,3.81,5.06,6.02,1.19
394,4872,6.16,5.91,10.04,5.32
395,777,7.6,10.32,11.34,6.18
396,780,5.15,4.3,9.75,3.8
397,2829,5.29,5.81,9.26,2.08
398,6927,5.18,4.98,7.93,6.42
399,4880,4.73,4.13,11.57,0.0
400,786,4.99,6.54,5.74,3.61
401,6935,5.93,9.32,10.22,4.89
402,793,5.62,4.18,8.58,4.88
403,2843,5.6,7.45,11.29,3.82
404,6941,8.07,6.99,8.62,5.32
405,798,5.45,4.22,6.82,4.6
406,799,7.21,5.63,11.52,5.78
407,4895,4.38,6.26,8.62,0.79
408,6945,4.29,6.29,7.57,0.82
409,2853,4.21,7.33,9.02,2.16
410,4904,3.95,7.12,10.67,1.55
411,6955,5.15,8.38,9.1,4.52
412,4909,6.8,6.64,11.96,3.19
413,9006,9.62,10.59,11.12,4.58
414,816,4.28,5.21,9.55,4.54
415,4915,6.8,6.81,9.74,2.34
416,6963,7.02,6.25,11.35,3.91
417,9016,5.22,6.01,11.41,2.91
418,9023,6.06,4.97,10.74,3.55
419,832,4.77,4.38,11.13,0.0
420,2880,3.7,9.41,5.1,3.71
421,4929,4.61,6.59,7.67,6.8
422,839,3.93,7.22,8.37,0.8
423,6983,7.41,8.47,10.92,4.25
424,6987,6.11,5.31,10.93,0.0
425,844,6.35,6.94,8.5,2.89
426,9036,7.19,5.26,6.01,0.84
427,2895,7.19,6.56,10.16,3.61
428,849,9.05,5.26,9.34,1.91
429,852,3.68,0.0,11.46,5.75
430,2900,5.54,8.84,5.42,3.59
431,2902,5.6,8.78,10.2,5.99
432,9047,5.23,5.38,9.81,4.5
433,6996,3.98,9.39,6.84,2.94
434,4953,5.87,8.63,10.96,5.51
435,9052,6.69,4.47,7.82,2.32
436,7006,6.38,8.44,10.1,1.84
437,9055,4.6,6.28,8.57,4.39
438,7011,6.91,4.32,9.75,2.78
439,7012,6.96,7.52,9.94,5.32
440,4972,6.58,9.38,7.95,6.81
441,4976,9.98,7.15,12.55,1.26
442,7028,7.54,7.54,10.71,3.09
443,7030,5.53,6.64,9.85,4.79
444,9086,4.22,8.23,9.21,3.87
445,9088,4.06,5.67,7.78,3.13
446,7040,6.2,6.47,8.62,5.66
447,7042,3.81,6.04,7.63,4.08
448,9093,7.56,7.73,8.66,4.15
449,7046,4.6,5.93,6.28,1.23
450,7048,2.91,4.6,6.33,4.5
451,905,5.2,5.5,6.76,1.44
452,9098,3.85,3.86,5.79,2.43
453,9104,5.83,5.48,10.14,1.61
454,5010,5.76,5.18,11.47,2.17
455,7059,4.5,5.24,9.97,2.61
456,7064,3.85,8.79,8.18,6.21
457,5017,4.79,5.17,10.05,2.54
458,2970,5.33,9.74,8.7,6.27
459,2971,7.34,8.1,11.35,1.16
460,5020,4.97,4.8,6.01,1.1
461,925,6.69,7.53,5.72,4.46
462,7070,5.25,6.57,8.34,6.98
463,2975,4.57,4.5,12.08,4.36
464,5024,8.56,5.99,10.79,2.48
465,5025,6.18,5.58,10.53,2.8
466,9123,4.25,3.99,6.75,0.0
467,7075,7.65,9.85,11.29,4.74
468,5030,8.42,5.36,10.47,2.93
469,2984,4.76,7.45,9.53,2.81
470,9129,4.04,5.35,7.42,4.22
471,9130,5.19,10.0,9.34,4.64
472,939,7.32,8.27,9.21,3.67
473,5032,9.06,6.69,6.83,2.89
474,5034,4.67,5.75,8.97,3.53
475,7080,4.46,8.15,7.19,4.07
476,7087,5.65,6.92,10.85,1.41
477,7097,4.01,4.81,11.95,2.96
478,9148,3.91,4.88,10.13,4.3
479,957,6.59,6.49,11.12,7.67
480,9149,5.51,4.8,10.78,3.46
481,9150,4.27,6.06,7.77,1.76
482,3010,4.79,3.8,11.35,4.13
483,3013,3.4,3.72,6.2,2.62
484,5062,6.07,6.68,9.64,5.79
485,7111,4.68,4.64,9.44,5.06
486,9163,5.09,8.0,8.93,6.29
487,7118,5.0,6.34,6.84,5.05
488,3023,6.52,6.19,12.25,2.45
489,3025,4.96,6.88,10.05,3.34
490,5073,5.5,8.9,9.94,5.43
491,980,5.88,5.46,7.32,0.03
492,9173,4.19,4.62,6.52,0.42
493,982,4.16,8.13,11.09,3.25
494,3029,6.89,4.75,10.2,2.58
495,5077,4.67,8.6,6.55,7.92
496,3033,6.41,6.54,8.86,7.77
497,7124,5.74,4.81,9.42,3.85
498,9184,6.6,5.62,10.59,4.36
499,3041,4.83,6.13,9.24,5.39
500,995,3.02,4.12,9.32,2.37
501,5094,8.13,4.49,9.28,2.75
502,5097,6.01,4.45,6.23,2.18
503,9195,3.94,7.03,11.21,2.36
504,3056,3.26,5.12,9.68,2.42
505,1009,3.98,7.25,8.22,5.28
506,5107,4.1,5.79,10.62,1.6
507,9208,8.26,5.93,11.91,0.65
508,7162,4.2,5.44,8.75,3.38
509,1023,5.95,5.14,10.01,1.74
510,5122,4.48,4.97,9.75,0.26
511,7171,5.1,6.5,8.83,3.02
512,7174,7.81,4.64,12.65,7.09
513,5127,3.95,3.8,11.63,0.0
514,3084,4.1,7.02,10.98,4.23
515,1037,4.03,6.51,10.24,1.65
516,1038,6.0,5.13,7.39,5.25
517,3085,6.62,5.54,11.28,0.68
518,5133,5.9,5.13,11.31,0.71
519,1041,4.42,7.69,9.37,4.69
520,9233,3.98,7.33,8.53,2.36
521,5138,4.82,8.72,10.69,7.51
522,5139,5.23,6.21,9.78,7.03
523,7183,5.57,5.56,10.59,2.78
524,9242,4.35,9.71,11.59,5.62
525,1051,5.97,9.61,10.1,4.62
526,5150,5.72,8.21,12.27,2.18
527,9247,7.49,5.3,8.06,6.71
528,3104,5.66,3.14,6.07,0.0
529,7198,4.09,4.15,9.41,1.47
530,5154,3.86,4.81,4.58,4.07
531,1059,5.47,5.27,10.49,0.21
532,5157,4.03,8.04,11.3,6.45
533,7206,5.28,7.12,11.49,2.93
534,7208,4.84,3.99,10.92,5.49
535,9257,5.8,4.54,8.26,1.72
536,1068,7.53,6.52,9.12,1.47
537,3117,3.75,3.07,9.14,1.39
538,3118,4.25,3.75,8.99,2.27
539,3119,5.82,6.58,8.22,2.38
540,1073,5.27,5.83,10.25,7.18
541,3123,7.51,4.72,10.92,4.12
542,7219,3.66,7.55,6.81,3.67
543,7948,4.81,4.76,9.71,0.62
544,5175,4.6,3.83,10.05,0.19
545,5176,4.9,10.11,11.42,4.98
546,5177,4.16,7.02,8.36,3.69
547,7226,3.62,6.54,8.18,3.62
548,9277,6.54,6.02,9.95,2.25
549,5182,4.84,8.95,9.65,4.49
550,3135,4.42,5.15,11.92,6.4
551,7950,6.26,7.36,9.29,2.15
552,9283,5.44,5.12,9.06,2.56
553,5187,4.95,7.59,7.65,1.44
554,9287,7.05,4.47,12.42,3.03
555,9293,4.62,6.65,11.37,2.26
556,1102,6.06,7.67,9.99,3.59
557,7247,5.02,10.31,13.33,3.38
558,1104,5.52,8.8,10.88,4.47
559,1105,5.86,4.66,12.81,0.16
560,5200,6.38,5.15,8.71,0.82
561,7954,8.0,5.13,7.42,1.09
562,7252,5.4,4.53,10.55,5.32
563,1110,5.66,8.53,13.06,1.51
564,5207,6.63,6.71,11.33,9.18
565,1112,5.79,5.87,9.63,2.84
566,3161,5.7,6.1,9.78,0.65
567,7254,9.31,5.48,10.95,3.63
568,3165,6.55,4.01,10.87,0.0
569,9310,4.68,6.39,8.08,1.4
570,7262,4.97,6.15,7.43,3.16
571,1128,4.08,5.76,9.34,2.54
572,7274,7.21,5.89,8.98,3.23
573,9323,3.71,7.64,10.5,3.72
574,3179,6.09,5.26,9.99,0.79
575,5228,5.29,8.99,10.04,2.96
576,3183,4.94,8.33,9.03,3.02
577,5233,5.97,9.7,9.97,4.94
578,1138,5.38,7.65,8.32,7.28
579,9332,5.58,5.38,8.82,3.35
580,3189,4.24,3.77,12.95,1.98
581,1146,5.98,3.83,9.41,2.77
582,1147,4.23,7.45,7.74,2.56
583,1148,7.78,9.22,10.14,4.45
584,9340,6.72,6.13,10.8,3.8
585,7294,6.86,6.96,10.85,4.41
586,7295,5.44,3.63,10.58,1.04
587,9345,3.9,5.33,5.39,0.58
588,1155,5.2,6.78,8.26,5.02
589,3204,5.47,8.06,6.37,4.83
590,7301,4.87,6.67,11.44,2.66
591,1165,4.46,6.83,9.28,1.98
592,1166,4.14,3.81,8.18,0.0
593,5266,5.39,4.25,9.56,4.07
594,9364,4.8,6.24,9.46,4.6
595,9369,3.64,6.81,8.37,3.29
596,1179,4.86,10.56,10.7,3.08
597,9372,4.86,2.04,5.62,2.24
598,7325,7.31,5.0,11.24,3.73
599,9377,4.93,6.77,6.64,3.71
600,7333,6.77,5.39,7.54,3.17
601,1193,4.83,6.75,7.84,2.37
602,5304,6.39,4.64,8.83,5.31
603,3257,4.49,7.55,6.72,4.5
604,7354,6.8,9.1,8.91,8.06
605,3259,3.64,8.51,9.04,3.47
606,5309,4.51,4.84,5.37,0.0
607,7359,4.36,3.46,6.13,0.0
608,9410,4.54,7.41,10.11,4.49
609,5315,5.63,3.9,6.08,0.45
610,1221,4.51,3.84,7.99,5.81
611,9416,5.6,3.91,12.03,2.78
612,3273,4.24,7.58,7.7,3.5
613,1226,4.04,4.54,7.15,2.73
614,3274,4.33,5.93,8.98,1.88
615,5321,5.97,6.44,8.52,2.71
616,5324,5.73,6.79,10.25,2.78
617,7373,6.34,6.36,11.89,1.42
618,9425,5.43,4.71,8.81,5.73
619,3281,4.96,8.42,9.11,3.49
620,9427,4.38,4.67,8.61,1.06
621,5329,3.17,6.46,10.05,2.74
622,7380,5.3,8.52,9.01,1.68
623,9430,6.05,4.79,8.3,4.68
624,7382,3.92,5.13,6.88,1.54
625,7387,4.67,4.8,8.94,2.28
626,7388,3.85,6.1,8.9,4.68
627,7389,3.99,5.28,7.85,0.6
628,1248,3.9,4.71,5.1,0.35
629,9440,6.07,6.81,12.24,5.22
630,1250,4.93,4.22,9.11,3.48
631,5351,5.39,5.4,9.28,2.14
632,3304,4.2,5.06,10.65,0.96
633,7400,5.79,6.74,8.25,2.04
634,1258,4.36,6.31,11.2,2.81
635,1261,6.91,5.22,10.51,5.19
636,9453,5.49,6.38,11.73,7.55
637,9455,5.57,7.26,8.81,1.49
638,7406,6.55,5.12,9.38,4.55
639,7407,7.33,4.3,11.29,3.51
640,9458,3.93,9.33,9.85,2.93
641,7411,5.06,4.11,8.86,5.12
642,5364,10.38,7.68,11.27,4.7
643,9468,5.58,4.15,9.0,1.09
644,1277,4.68,4.44,8.94,4.37
645,5373,3.86,6.33,8.15,3.91
646,1279,5.4,4.98,8.32,2.62
647,3328,4.46,4.82,7.73,2.09
648,7422,7.65,7.3,9.79,6.3
649,5383,4.85,9.03,11.03,2.8
650,5384,7.18,5.43,9.95,2.82
651,7436,7.29,7.56,10.57,2.83
652,9485,5.61,7.28,9.36,7.99
653,7442,5.2,9.13,11.06,4.19
654,7443,7.39,4.04,11.99,2.6
655,9498,7.76,6.91,10.61,2.91
656,9501,3.12,4.19,11.03,1.5
657,3358,6.01,5.76,7.24,3.47
658,9503,4.55,4.07,9.8,1.78
659,7457,5.44,3.77,8.99,1.81
660,3362,4.31,6.9,11.45,1.7
661,1316,4.95,6.25,10.75,1.61
662,1318,7.76,10.48,12.27,4.03
663,1319,6.29,5.66,10.51,1.35
664,9511,4.34,3.84,12.17,1.91
665,9512,3.64,3.31,9.82,2.21
666,7468,6.49,6.64,8.28,2.39
667,7469,5.25,3.61,7.12,4.14
668,1329,4.31,7.3,7.27,4.52
669,7473,6.25,6.16,9.77,3.58
670,1335,6.95,8.21,10.41,1.82
671,9527,7.67,9.49,9.06,5.53
672,3383,5.52,9.16,11.4,4.03
673,7479,5.94,7.21,8.34,3.43
674,9532,4.12,4.2,9.12,7.72
675,7485,4.51,4.88,9.62,2.76
676,9538,4.37,8.28,8.97,3.53
677,1347,4.11,5.4,6.23,4.23
678,7490,5.2,4.58,9.97,2.14
679,9546,4.49,4.88,9.59,1.32
680,1355,3.6,4.18,10.51,4.45
681,9548,5.78,9.64,9.88,4.0
682,1359,6.48,5.28,8.02,2.43
683,7506,7.36,4.18,6.23,4.64
684,5459,6.21,7.92,9.79,4.08
685,7507,5.29,9.0,8.6,4.33
686,1366,4.11,6.56,11.09,4.11
687,3415,4.18,7.06,10.89,4.05
688,9563,6.47,7.53,8.61,5.28
689,9564,7.37,5.86,7.1,6.76
690,5480,4.82,6.84,9.33,2.85
691,9579,5.45,5.65,9.67,5.78
692,9584,4.88,6.48,5.13,3.2
693,3442,5.26,4.56,10.42,4.68
694,3444,6.59,8.03,11.1,5.55
695,1397,5.02,3.77,9.69,1.32
696,5493,4.83,5.46,8.29,9.27
697,5497,3.56,5.93,9.99,2.28
698,1403,7.61,5.08,11.07,0.7
699,3453,6.02,5.34,9.67,4.29
700,3454,4.04,5.07,9.72,0.47
701,9599,4.43,4.85,9.01,2.92
702,7551,6.22,7.41,8.68,2.86
703,9602,5.93,4.96,9.92,3.53
704,1411,5.51,7.32,7.06,1.64
705,5506,4.3,5.61,8.05,1.02
706,3461,5.77,4.64,9.92,4.64
707,7554,5.05,5.53,10.12,0.0
708,7557,5.09,8.01,9.8,3.04
709,9610,4.64,6.56,9.17,1.76
710,1426,4.67,5.75,9.32,5.24
711,9619,5.93,8.74,9.74,4.07
712,5523,8.85,4.86,8.86,0.35
713,7570,4.06,4.75,12.0,2.86
714,1430,4.92,3.93,8.28,3.83
715,7573,8.21,6.42,10.74,3.55
716,5528,5.17,4.99,8.78,0.28
717,5530,3.62,4.34,9.44,2.16
718,3483,4.52,3.22,10.27,3.59
719,1438,7.07,4.53,8.01,0.4
720,7583,3.53,5.93,8.46,3.23
721,3488,5.88,5.9,9.97,3.03
722,1443,5.81,4.63,7.13,0.55
723,3494,3.96,5.03,7.89,1.09
724,5543,6.63,7.17,11.94,4.42
725,1451,5.33,4.84,7.33,3.54
726,9644,3.67,7.51,10.84,6.72
727,3500,4.41,4.11,7.64,6.47
728,1456,4.69,6.38,12.59,3.95
729,9649,6.13,4.69,9.15,4.53
730,3507,7.0,6.71,12.02,2.4
731,3512,4.34,5.26,12.4,3.52
732,3515,4.33,4.05,11.24,2.09
733,1469,5.97,5.04,6.67,1.29
734,1470,4.24,5.53,9.39,3.0
735,9670,5.33,8.32,9.3,5.53
736,3529,4.23,4.99,11.14,5.73
737,5578,3.81,5.48,10.22,1.59
738,5581,5.93,8.97,8.22,3.42
739,9678,7.53,6.63,11.23,3.31
740,3534,5.69,3.89,11.62,1.18
741,7629,4.27,4.86,9.46,5.62
742,1497,4.14,7.41,8.65,5.24
743,1498,7.25,10.09,11.03,5.96
744,5596,5.77,6.43,10.7,3.6
745,9694,6.03,7.39,4.27,2.43
746,5602,4.91,3.62,5.78,5.25
747,5606,4.63,7.49,9.08,2.71
748,7654,4.63,4.26,9.04,2.74
749,9704,4.4,7.18,4.95,2.99
750,7656,5.11,9.48,9.01,6.93
751,7658,5.74,8.23,9.49,4.61
752,9707,3.72,7.61,9.32,3.67
753,5611,3.82,6.47,9.32,3.64
754,5613,5.26,6.26,10.18,2.82
755,5614,4.47,7.82,10.32,2.93
756,9713,8.9,4.36,11.44,4.88
757,5622,4.26,10.31,10.9,9.31
758,1527,6.52,7.66,7.24,3.27
759,7672,4.64,4.79,10.84,1.2
760,5628,4.58,4.95,10.48,2.12
761,3583,4.32,6.13,8.21,1.15
762,7681,5.11,4.72,7.81,2.63
763,9730,5.54,8.95,6.68,3.71
764,3586,6.59,6.49,6.79,1.75
765,5638,4.32,5.82,10.44,1.48
766,1546,3.8,6.91,8.23,1.59
767,3596,4.3,3.66,12.55,3.6
768,9743,5.97,4.04,9.35,4.93
769,3599,4.29,8.1,7.06,3.95
770,1553,3.25,6.04,8.11,2.12
771,9745,5.32,3.86,10.31,1.25
772,9746,6.01,3.14,5.69,3.17
773,3608,6.06,6.26,11.53,2.26
774,5657,4.1,7.5,10.46,5.31
775,7706,8.08,9.92,8.27,8.58
776,1565,7.6,7.16,9.28,6.66
777,3617,4.38,10.06,11.06,5.97
778,1570,5.31,5.92,10.72,3.11
779,9765,5.12,8.26,9.54,4.07
780,5669,7.5,5.83,8.68,1.9
781,5670,5.83,8.13,8.42,5.4
782,5672,5.1,10.3,8.09,7.61
783,7718,6.47,5.71,7.83,0.82
784,7722,4.04,4.83,8.25,5.6
785,5677,8.65,8.17,11.59,3.14
786,7726,5.27,5.23,9.19,0.0
787,7728,4.27,4.15,7.36,1.03
788,3634,4.89,7.82,10.24,3.58
789,5685,4.35,5.16,6.88,2.07
790,9782,4.37,7.1,10.69,2.97
791,1591,5.94,4.29,7.78,3.07
792,5687,5.04,4.81,9.04,2.93
793,1595,4.39,1.89,7.95,0.0
794,3643,5.6,4.37,9.91,1.53
795,7743,5.37,6.03,5.77,4.21
796,9792,4.5,5.64,9.39,1.03
797,5698,4.43,5.6,9.33,5.74
798,3655,5.06,4.85,9.13,2.13
799,5704,4.26,8.27,10.22,3.54
800,7753,5.24,8.72,8.97,5.22
801,7754,4.82,6.33,8.98,1.63
802,3662,5.55,8.22,11.78,3.16
803,9807,4.33,5.12,3.91,3.7
804,1617,4.16,5.74,5.12,0.45
805,9810,6.18,4.94,11.44,1.97
806,3665,4.49,6.97,9.9,3.87
807,3667,3.7,8.4,10.39,2.25
808,1626,4.14,5.45,7.48,2.62
809,3674,6.33,3.59,12.43,1.57
810,3676,5.28,7.27,9.34,5.53
811,7773,5.05,5.7,9.39,3.33
812,9823,4.91,7.08,8.44,3.15
813,5727,4.35,5.31,11.4,1.57
814,5728,6.91,6.47,11.53,1.58
815,5730,5.53,6.56,9.47,2.06
816,7776,5.64,3.41,10.06,1.46
817,9828,4.06,3.92,8.29,3.81
818,5735,5.76,5.9,7.86,4.29
819,9832,6.96,6.88,9.44,3.95
820,9833,7.93,10.05,11.73,3.28
821,5742,3.87,5.69,12.08,5.89
822,3696,6.36,7.47,12.67,1.55
823,5744,4.32,5.85,10.65,2.63
824,9842,5.09,6.58,10.56,2.54
825,1651,4.05,4.69,10.79,0.35
826,7796,6.78,5.72,8.81,5.18
827,9847,4.04,5.51,5.62,1.71
828,7799,5.1,5.11,10.25,0.46
829,5753,5.24,5.17,9.45,0.81
830,1658,8.05,8.57,7.13,2.6
831,9853,6.08,7.97,5.89,4.71
832,9854,5.94,4.18,9.49,3.07
833,5760,7.41,6.58,11.1,2.17
834,9862,4.56,3.83,9.54,0.57
835,3721,6.56,8.32,7.72,3.57
836,5770,3.79,2.92,8.37,0.0
837,1675,6.55,6.76,5.57,2.03
838,3727,4.75,6.23,9.99,1.78
839,5775,4.8,5.26,8.89,4.4
840,1681,4.26,4.81,7.44,3.43
841,7825,4.08,3.74,10.26,3.57
842,9875,9.55,6.75,10.39,7.45
843,5779,3.79,7.13,8.62,2.17
844,3735,6.98,8.78,6.65,6.27
845,1689,4.69,9.14,7.51,3.82
846,9881,6.75,5.47,5.0,5.37
847,5785,9.41,5.31,10.13,5.17
848,1692,5.6,10.69,10.54,6.82
849,9884,5.19,5.11,10.92,2.48
850,9890,4.92,6.72,9.79,1.04
851,9892,5.92,5.96,9.45,3.2
852,7844,7.3,7.81,8.65,6.63
853,5798,5.7,4.63,7.92,4.91
854,1709,5.4,8.66,7.49,5.39
855,1712,5.17,5.73,10.59,3.87
856,1717,4.35,4.27,10.37,2.03
857,1718,4.22,2.9,9.96,0.0
858,9911,3.82,7.21,8.06,4.73
859,5818,4.31,5.54,7.56,3.51
860,3771,4.8,5.78,11.9,2.3
861,5820,6.3,6.67,12.21,7.91
862,7871,4.57,7.72,8.68,5.18
863,3776,6.25,3.75,8.53,5.03
864,1729,4.81,5.05,11.78,4.37
865,9921,5.68,7.31,10.74,3.23
866,3778,5.13,7.97,13.23,6.07
867,1733,4.15,6.34,6.94,3.84
868,9932,4.83,7.25,12.26,2.23
869,3788,5.67,8.41,10.94,2.66
870,7887,4.92,8.32,9.16,2.22
871,7891,6.59,8.31,8.68,2.88
872,5845,6.83,4.5,7.99,2.71
873,1754,4.22,3.49,9.5,2.27
874,3802,4.71,8.75,9.68,7.51
875,3804,4.79,5.08,9.63,1.94
876,3815,6.49,4.75,8.62,3.85
877,5863,5.39,5.48,8.03,2.03
878,9961,8.02,6.49,7.86,2.95
879,3818,6.64,4.76,9.78,3.77
880,1771,9.04,7.2,10.59,2.13
881,7911,4.75,5.18,11.04,2.96
882,7914,5.97,7.39,8.78,4.57
883,3824,5.03,3.35,7.05,1.61
884,5873,3.9,3.4,8.57,1.36
885,7921,5.92,4.73,10.48,3.19
886,5875,4.26,5.57,8.33,2.57
887,5877,6.36,8.26,11.83,8.94
888,5878,3.8,4.75,10.33,1.37
889,3832,7.44,8.01,7.4,3.29
890,1787,7.52,7.03,12.15,3.95
891,3835,7.51,5.1,10.05,3.18
892,7931,5.03,5.04,10.06,2.1
893,7934,5.21,4.93,14.03,2.04
894,3839,4.71,5.99,8.27,1.89
895,5889,7.58,8.29,7.62,4.69
896,9987,6.11,6.74,9.37,3.56
897,1798,6.91,7.78,6.99,1.2
898,1801,5.4,5.36,12.4,0.85
899,5898,7.53,9.28,10.31,4.7
900,1803,4.48,6.81,8.92,4.71
901,9996,4.06,7.66,10.34,7.68
902,9997,3.92,6.77,9.99,4.57
903,3854,6.37,6.25,9.48,2.5
904,5901,4.44,4.45,9.82,1.71
905,5903,7.11,4.85,7.48,3.51
906,1809,5.04,7.94,8.74,2.36
907,3857,5.29,4.97,8.61,1.57
908,5906,5.2,7.83,11.42,5.0
909,7947,8.21,6.17,9.45,6.11
910,1813,4.91,6.7,9.3,2.03
911,5910,4.6,5.73,8.12,3.39
912,3863,4.03,6.61,8.75,1.75
913,7953,4.42,7.71,6.63,7.22
914,1817,4.16,5.92,9.93,3.39
915,1818,9.74,8.51,12.85,3.09
916,1819,4.14,8.04,10.66,4.78
917,5914,4.37,3.65,5.41,1.68
918,7960,3.86,3.43,8.54,1.5
919,1824,5.12,4.23,9.65,4.46
920,3872,4.32,4.45,10.36,2.15
921,1829,4.46,6.76,8.06,2.8
922,3878,4.2,7.21,12.78,2.66
923,3879,5.69,8.4,9.1,4.73
924,5928,5.76,6.34,11.31,4.95
925,5933,3.01,6.55,11.11,6.1
926,1839,4.79,4.91,10.29,0.65
927,3887,5.93,4.99,10.58,4.35
928,1849,4.8,6.53,10.06,3.51
929,1850,5.4,7.7,12.3,2.82
930,5948,5.07,4.48,9.15,3.21
931,3902,4.45,4.65,7.92,1.07
932,7999,7.42,5.86,6.9,3.12
933,3904,7.0,5.87,7.75,6.28
934,1857,4.05,3.28,7.75,0.0
935,5953,5.82,7.62,11.09,3.67
936,8000,5.75,6.53,10.77,3.39
937,8003,5.35,4.7,13.61,0.81
938,8006,6.0,7.07,11.55,5.6
939,1863,4.87,5.67,9.19,2.55
940,3919,4.86,6.0,9.2,2.18
941,1875,4.63,8.78,8.06,3.71
942,3927,4.05,6.1,10.6,1.46
943,1881,3.66,8.51,11.34,3.89
944,8025,5.29,4.42,7.5,3.11
945,5979,3.78,4.84,5.57,3.45
946,3932,3.86,4.91,9.06,0.59
947,1889,4.25,4.02,11.33,4.66
948,3940,5.35,4.17,12.23,2.78
949,5989,3.88,8.1,5.21,4.3
950,8044,6.61,9.3,11.18,8.82
951,1902,4.26,5.03,6.34,5.17
952,6007,4.55,7.26,9.25,7.12
953,6008,5.28,5.53,9.78,5.74
954,6011,6.34,5.35,11.2,3.75
955,3965,4.09,4.06,7.6,5.46
956,3966,3.26,8.35,9.13,2.67
957,8065,4.89,3.61,9.44,2.42
958,3972,5.19,5.74,10.35,4.16
959,3974,5.22,3.22,5.47,3.34
960,8070,5.13,7.81,11.08,4.11
961,1938,8.4,6.58,9.47,0.62
962,3987,5.08,3.88,5.73,4.71
963,6035,5.54,7.35,9.56,3.68
964,8082,4.22,7.51,8.36,5.17
965,8088,7.25,7.89,10.93,5.27
966,1946,5.78,7.35,11.9,4.08
967,6047,6.19,8.06,6.21,6.76
968,8097,4.24,6.47,5.8,4.69
969,8099,5.09,9.36,7.65,4.01
970,8100,5.02,7.33,8.02,2.17
971,1960,4.64,3.93,7.68,2.01
972,4015,4.29,4.56,12.0,0.0
973,1968,4.48,5.27,8.11,6.59
974,6078,4.24,5.11,8.51,2.84
975,1990,7.63,8.77,11.67,4.37
976,8136,7.08,5.5,9.88,1.2
977,1993,3.58,5.26,8.33,4.86
978,1994,5.16,5.37,9.48,3.14
979,8138,4.47,8.4,10.2,3.11
980,6097,6.07,4.61,6.3,0.71
981,8146,8.58,9.36,11.82,6.78
982,6107,5.17,4.22,8.3,2.67
983,4066,6.71,3.37,12.13,2.32
984,4068,4.46,5.92,8.87,5.35
985,8165,6.36,7.42,10.95,3.41
986,4076,6.17,3.56,9.38,3.09
987,8172,7.33,6.17,11.13,3.62
988,6128,4.29,4.48,10.63,5.43
989,8176,7.78,4.92,7.24,4.02
990,2034,4.5,5.98,8.89,3.7
991,4082,6.63,7.54,9.58,3.27
992,6131,5.28,5.52,10.49,1.16
993,2037,5.4,4.13,8.22,0.71
994,6132,5.84,4.99,8.6,2.43
995,4087,5.94,6.16,10.19,1.63
996,2040,4.0,8.28,9.1,4.59
997,8182,4.32,4.78,9.37,0.08
998,2042,4.55,4.1,10.12,1.09
999,8189,5.44,5.62,12.55,5.1
